TRANSACTION_ID,CUSTOMER_ID,PRODUCT_ID,SALE_DATE,AMOUNT,REGION,SALES_REP,CHANNEL,CREATED_AT
1,C002,P002,2024-01-02,948.00,Central,William Thomas,Partner,2025-06-01 07:11:00.200
2,C003,P003,2024-01-03,156.00,Central,William Thomas,Partner,2025-06-01 07:11:00.200
3,C004,P004,2024-01-04,421.00,Central,William Thomas,Partner,2025-06-01 07:11:00.200
4,C005,P005,2024-01-05,469.00,Central,William Thomas,Partner,2025-06-01 07:11:00.200
5,C006,P006,2024-01-06,759.00,Central,William Thomas,Partner,2025-06-01 07:11:00.200
6,C007,P007,2024-01-07,858.00,Central,William Thomas,Partner,2025-06-01 07:11:00.200
7,C008,P008,2024-01-08,707.00,Central,William Thomas,Partner,2025-06-01 07:11:00.200
8,C009,P009,2024-01-09,901.00,Central,William Thomas,Partner,2025-06-01 07:11:00.200
9,C010,P010,2024-01-10,525.00,Central,William Thomas,Partner,2025-06-01 07:11:00.200
10,C001,P001,2024-01-11,796.00,Central,William Thomas,Partner,2025-06-01 07:11:00.200
11,C002,P002,2024-01-12,209.00,Central,William Thomas,Partner,2025-06-01 07:11:00.200
12,C003,P003,2024-01-13,399.00,Central,William Thomas,Partner,2025-06-01 07:11:00.200
13,C004,P004,2024-01-14,332.00,Central,William Thomas,Partner,2025-06-01 07:11:00.200
14,C005,P005,2024-01-15,110.00,Central,William Thomas,Partner,2025-06-01 07:11:00.200
15,C006,P006,2024-01-16,425.00,Central,William Thomas,Partner,2025-06-01 07:11:00.200
101,C007,P007,2024-01-17,184.00,Central,William Thomas,Partner,2025-06-01 07:11:00.200
102,C008,P008,2024-01-18,887.00,Central,William Thomas,Partner,2025-06-01 07:11:00.200
103,C009,P009,2024-01-19,161.00,Central,William Thomas,Partner,2025-06-01 07:11:00.200
104,C010,P010,2024-01-20,907.00,Central,William Thomas,Partner,2025-06-01 07:11:00.200
105,C001,P001,2024-01-21,953.00,Central,William Thomas,Partner,2025-06-01 07:11:00.200
106,C002,P002,2024-01-22,514.00,Central,William Thomas,Partner,2025-06-01 07:11:00.200
107,C003,P003,2024-01-23,169.00,Central,William Thomas,Partner,2025-06-01 07:11:00.200
108,C004,P004,2024-01-24,682.00,Central,William Thomas,Partner,2025-06-01 07:11:00.200
109,C005,P005,2024-01-25,328.00,Central,William Thomas,Partner,2025-06-01 07:11:00.200
110,C006,P006,2024-01-26,228.00,Central,William Thomas,Partner,2025-06-01 07:11:00.200
111,C007,P007,2024-01-27,532.00,Central,William Thomas,Partner,2025-06-01 07:11:00.200
112,C008,P008,2024-01-28,378.00,Central,William Thomas,Partner,2025-06-01 07:11:00.200
113,C009,P009,2024-01-29,277.00,Central,William Thomas,Partner,2025-06-01 07:11:00.200
114,C010,P010,2024-01-30,251.00,Central,William Thomas,Partner,2025-06-01 07:11:00.200
115,C001,P001,2024-01-31,490.00,Central,William Thomas,Partner,2025-06-01 07:11:00.200
116,C002,P002,2024-02-01,762.00,Central,William Thomas,Partner,2025-06-01 07:11:00.200
117,C003,P003,2024-02-02,284.00,Central,William Thomas,Partner,2025-06-01 07:11:00.200
118,C004,P004,2024-02-03,820.00,Central,William Thomas,Partner,2025-06-01 07:11:00.200
119,C005,P005,2024-02-04,290.00,Central,William Thomas,Partner,2025-06-01 07:11:00.200
120,C006,P006,2024-02-05,286.00,Central,William Thomas,Partner,2025-06-01 07:11:00.200
121,C007,P007,2024-02-06,413.00,Central,William Thomas,Partner,2025-06-01 07:11:00.200
122,C008,P008,2024-02-07,103.00,Central,William Thomas,Partner,2025-06-01 07:11:00.200
123,C009,P009,2024-02-08,462.00,Central,William Thomas,Partner,2025-06-01 07:11:00.200
124,C010,P010,2024-02-09,674.00,Central,William Thomas,Partner,2025-06-01 07:11:00.200
125,C001,P001,2024-02-10,665.00,Central,William Thomas,Partner,2025-06-01 07:11:00.200
126,C002,P002,2024-02-11,607.00,Central,William Thomas,Partner,2025-06-01 07:11:00.200
127,C003,P003,2024-02-12,966.00,Central,William Thomas,Partner,2025-06-01 07:11:00.200
128,C004,P004,2024-02-13,419.00,Central,William Thomas,Partner,2025-06-01 07:11:00.200
129,C005,P005,2024-02-14,179.00,Central,William Thomas,Partner,2025-06-01 07:11:00.200
130,C006,P006,2024-02-15,297.00,Central,William Thomas,Partner,2025-06-01 07:11:00.200
131,C007,P007,2024-02-16,287.00,Central,William Thomas,Partner,2025-06-01 07:11:00.200
132,C008,P008,2024-02-17,628.00,Central,William Thomas,Partner,2025-06-01 07:11:00.200
133,C009,P009,2024-02-18,449.00,Central,William Thomas,Partner,2025-06-01 07:11:00.200
134,C010,P010,2024-02-19,613.00,Central,William Thomas,Partner,2025-06-01 07:11:00.200
135,C001,P001,2024-02-20,164.00,Central,William Thomas,Partner,2025-06-01 07:11:00.200
136,C002,P002,2024-02-21,669.00,Central,William Thomas,Partner,2025-06-01 07:11:00.200
137,C003,P003,2024-02-22,481.00,Central,William Thomas,Partner,2025-06-01 07:11:00.200
138,C004,P004,2024-02-23,592.00,Central,William Thomas,Partner,2025-06-01 07:11:00.200
139,C005,P005,2024-02-24,682.00,Central,William Thomas,Partner,2025-06-01 07:11:00.200
140,C006,P006,2024-02-25,496.00,Central,William Thomas,Partner,2025-06-01 07:11:00.200
141,C007,P007,2024-02-26,451.00,Central,William Thomas,Partner,2025-06-01 07:11:00.200
142,C008,P008,2024-02-27,259.00,Central,William Thomas,Partner,2025-06-01 07:11:00.200
143,C009,P009,2024-02-28,295.00,Central,William Thomas,Partner,2025-06-01 07:11:00.200
144,C010,P010,2024-02-29,361.00,Central,William Thomas,Partner,2025-06-01 07:11:00.200
145,C001,P001,2024-03-01,214.00,Central,William Thomas,Partner,2025-06-01 07:11:00.200
146,C002,P002,2024-03-02,969.00,Central,William Thomas,Partner,2025-06-01 07:11:00.200
147,C003,P003,2024-03-03,104.00,Central,William Thomas,Partner,2025-06-01 07:11:00.200
148,C004,P004,2024-03-04,235.00,Central,William Thomas,Partner,2025-06-01 07:11:00.200
149,C005,P005,2024-03-05,213.00,Central,William Thomas,Partner,2025-06-01 07:11:00.200
150,C006,P006,2024-03-06,168.00,Central,William Thomas,Partner,2025-06-01 07:11:00.200
151,C007,P007,2024-03-07,666.00,Central,William Thomas,Partner,2025-06-01 07:11:00.200
152,C008,P008,2024-03-08,576.00,Central,William Thomas,Partner,2025-06-01 07:11:00.200
153,C009,P009,2024-03-09,116.00,Central,William Thomas,Partner,2025-06-01 07:11:00.200
154,C010,P010,2024-03-10,563.00,Central,William Thomas,Partner,2025-06-01 07:11:00.200
155,C001,P001,2024-03-11,179.00,Central,William Thomas,Partner,2025-06-01 07:11:00.200
156,C002,P002,2024-03-12,989.00,Central,William Thomas,Partner,2025-06-01 07:11:00.200
157,C003,P003,2024-03-13,134.00,Central,William Thomas,Partner,2025-06-01 07:11:00.200
158,C004,P004,2024-03-14,296.00,Central,William Thomas,Partner,2025-06-01 07:11:00.200
159,C005,P005,2024-03-15,844.00,Central,William Thomas,Partner,2025-06-01 07:11:00.200
160,C006,P006,2024-03-16,703.00,Central,William Thomas,Partner,2025-06-01 07:11:00.200
161,C007,P007,2024-03-17,340.00,Central,William Thomas,Partner,2025-06-01 07:11:00.200
162,C008,P008,2024-03-18,674.00,Central,William Thomas,Partner,2025-06-01 07:11:00.200
163,C009,P009,2024-03-19,935.00,Central,William Thomas,Partner,2025-06-01 07:11:00.200
164,C010,P010,2024-03-20,749.00,Central,William Thomas,Partner,2025-06-01 07:11:00.200
165,C001,P001,2024-03-21,473.00,Central,William Thomas,Partner,2025-06-01 07:11:00.200
166,C002,P002,2024-03-22,181.00,Central,William Thomas,Partner,2025-06-01 07:11:00.200
167,C003,P003,2024-03-23,159.00,Central,William Thomas,Partner,2025-06-01 07:11:00.200
168,C004,P004,2024-03-24,924.00,Central,William Thomas,Partner,2025-06-01 07:11:00.200
169,C005,P005,2024-03-25,832.00,Central,William Thomas,Partner,2025-06-01 07:11:00.200
170,C006,P006,2024-03-26,782.00,Central,William Thomas,Partner,2025-06-01 07:11:00.200
171,C007,P007,2024-03-27,754.00,Central,William Thomas,Partner,2025-06-01 07:11:00.200
172,C008,P008,2024-03-28,733.00,Central,William Thomas,Partner,2025-06-01 07:11:00.200
173,C009,P009,2024-03-29,967.00,Central,William Thomas,Partner,2025-06-01 07:11:00.200
174,C010,P010,2024-03-30,731.00,Central,William Thomas,Partner,2025-06-01 07:11:00.200
175,C001,P001,2024-03-31,166.00,Central,William Thomas,Partner,2025-06-01 07:11:00.200
176,C002,P002,2024-04-01,995.00,Central,William Thomas,Partner,2025-06-01 07:11:00.200
177,C003,P003,2024-04-02,185.00,Central,William Thomas,Partner,2025-06-01 07:11:00.200
178,C004,P004,2024-04-03,623.00,Central,William Thomas,Partner,2025-06-01 07:11:00.200
179,C005,P005,2024-04-04,184.00,Central,William Thomas,Partner,2025-06-01 07:11:00.200
180,C006,P006,2024-04-05,437.00,Central,William Thomas,Partner,2025-06-01 07:11:00.200
181,C007,P007,2024-04-06,515.00,Central,William Thomas,Partner,2025-06-01 07:11:00.200
182,C008,P008,2024-04-07,272.00,Central,William Thomas,Partner,2025-06-01 07:11:00.200
183,C009,P009,2024-04-08,641.00,Central,William Thomas,Partner,2025-06-01 07:11:00.200
184,C010,P010,2024-04-09,881.00,Central,William Thomas,Partner,2025-06-01 07:11:00.200
185,C001,P001,2024-04-10,482.00,Central,William Thomas,Partner,2025-06-01 07:11:00.200
186,C002,P002,2024-04-11,844.00,Central,William Thomas,Partner,2025-06-01 07:11:00.200
187,C003,P003,2024-04-12,618.00,Central,William Thomas,Partner,2025-06-01 07:11:00.200
188,C004,P004,2024-04-13,846.00,Central,William Thomas,Partner,2025-06-01 07:11:00.200
189,C005,P005,2024-04-14,654.00,Central,William Thomas,Partner,2025-06-01 07:11:00.200
190,C006,P006,2024-04-15,732.00,Central,William Thomas,Partner,2025-06-01 07:11:00.200
191,C007,P007,2024-04-16,953.00,Central,William Thomas,Partner,2025-06-01 07:11:00.200
192,C008,P008,2024-04-17,946.00,Central,William Thomas,Partner,2025-06-01 07:11:00.200
193,C009,P009,2024-04-18,228.00,Central,William Thomas,Partner,2025-06-01 07:11:00.200
194,C010,P010,2024-04-19,302.00,Central,William Thomas,Partner,2025-06-01 07:11:00.200
195,C001,P001,2024-04-20,495.00,Central,William Thomas,Partner,2025-06-01 07:11:00.200
196,C002,P002,2024-04-21,913.00,Central,William Thomas,Partner,2025-06-01 07:11:00.200
197,C003,P003,2024-04-22,543.00,Central,William Thomas,Partner,2025-06-01 07:11:00.200
198,C004,P004,2024-04-23,593.00,Central,William Thomas,Partner,2025-06-01 07:11:00.200
199,C005,P005,2024-04-24,603.00,Central,William Thomas,Partner,2025-06-01 07:11:00.200
200,C006,P006,2024-04-25,818.00,Central,William Thomas,Partner,2025-06-01 07:11:00.200
201,C007,P007,2024-04-26,697.00,Central,William Thomas,Partner,2025-06-01 07:11:00.200
202,C008,P008,2024-04-27,933.00,Central,William Thomas,Partner,2025-06-01 07:11:00.200
203,C009,P009,2024-04-28,772.00,Central,William Thomas,Partner,2025-06-01 07:11:00.200
204,C010,P010,2024-04-29,392.00,Central,William Thomas,Partner,2025-06-01 07:11:00.200
205,C001,P001,2024-04-30,400.00,Central,William Thomas,Partner,2025-06-01 07:11:00.200
206,C002,P002,2024-05-01,124.00,Central,William Thomas,Partner,2025-06-01 07:11:00.200
207,C003,P003,2024-05-02,579.00,Central,William Thomas,Partner,2025-06-01 07:11:00.200
208,C004,P004,2024-05-03,162.00,Central,William Thomas,Partner,2025-06-01 07:11:00.200
209,C005,P005,2024-05-04,982.00,Central,William Thomas,Partner,2025-06-01 07:11:00.200
210,C006,P006,2024-05-05,290.00,Central,William Thomas,Partner,2025-06-01 07:11:00.200
211,C007,P007,2024-05-06,405.00,Central,William Thomas,Partner,2025-06-01 07:11:00.200
212,C008,P008,2024-05-07,376.00,Central,William Thomas,Partner,2025-06-01 07:11:00.200
213,C009,P009,2024-05-08,529.00,Central,William Thomas,Partner,2025-06-01 07:11:00.200
214,C010,P010,2024-05-09,550.00,Central,William Thomas,Partner,2025-06-01 07:11:00.200
215,C001,P001,2024-05-10,623.00,Central,William Thomas,Partner,2025-06-01 07:11:00.200
216,C002,P002,2024-05-11,740.00,Central,William Thomas,Partner,2025-06-01 07:11:00.200
217,C003,P003,2024-05-12,851.00,Central,William Thomas,Partner,2025-06-01 07:11:00.200
218,C004,P004,2024-05-13,360.00,Central,William Thomas,Partner,2025-06-01 07:11:00.200
219,C005,P005,2024-05-14,626.00,Central,William Thomas,Partner,2025-06-01 07:11:00.200
220,C006,P006,2024-05-15,145.00,Central,William Thomas,Partner,2025-06-01 07:11:00.200
221,C007,P007,2024-05-16,673.00,Central,William Thomas,Partner,2025-06-01 07:11:00.200
222,C008,P008,2024-05-17,440.00,Central,William Thomas,Partner,2025-06-01 07:11:00.200
223,C009,P009,2024-05-18,699.00,Central,William Thomas,Partner,2025-06-01 07:11:00.200
224,C010,P010,2024-05-19,851.00,Central,William Thomas,Partner,2025-06-01 07:11:00.200
225,C001,P001,2024-05-20,821.00,Central,William Thomas,Partner,2025-06-01 07:11:00.200
226,C002,P002,2024-05-21,517.00,Central,William Thomas,Partner,2025-06-01 07:11:00.200
227,C003,P003,2024-05-22,623.00,Central,William Thomas,Partner,2025-06-01 07:11:00.200
228,C004,P004,2024-05-23,818.00,Central,William Thomas,Partner,2025-06-01 07:11:00.200
229,C005,P005,2024-05-24,983.00,Central,William Thomas,Partner,2025-06-01 07:11:00.200
230,C006,P006,2024-05-25,329.00,Central,William Thomas,Partner,2025-06-01 07:11:00.200
231,C007,P007,2024-05-26,451.00,Central,William Thomas,Partner,2025-06-01 07:11:00.200
232,C008,P008,2024-05-27,574.00,Central,William Thomas,Partner,2025-06-01 07:11:00.200
233,C009,P009,2024-05-28,414.00,Central,William Thomas,Partner,2025-06-01 07:11:00.200
234,C010,P010,2024-05-29,909.00,Central,William Thomas,Partner,2025-06-01 07:11:00.200
235,C001,P001,2024-05-30,637.00,Central,William Thomas,Partner,2025-06-01 07:11:00.200
236,C002,P002,2024-05-31,548.00,Central,William Thomas,Partner,2025-06-01 07:11:00.200
237,C003,P003,2024-06-01,159.00,Central,William Thomas,Partner,2025-06-01 07:11:00.200
238,C004,P004,2024-06-02,991.00,Central,William Thomas,Partner,2025-06-01 07:11:00.200
239,C005,P005,2024-06-03,913.00,Central,William Thomas,Partner,2025-06-01 07:11:00.200
240,C006,P006,2024-06-04,414.00,Central,William Thomas,Partner,2025-06-01 07:11:00.200
241,C007,P007,2024-06-05,919.00,Central,William Thomas,Partner,2025-06-01 07:11:00.200
242,C008,P008,2024-06-06,261.00,Central,William Thomas,Partner,2025-06-01 07:11:00.200
243,C009,P009,2024-06-07,203.00,Central,William Thomas,Partner,2025-06-01 07:11:00.200
244,C010,P010,2024-06-08,762.00,Central,William Thomas,Partner,2025-06-01 07:11:00.200
245,C001,P001,2024-06-09,880.00,Central,William Thomas,Partner,2025-06-01 07:11:00.200
246,C002,P002,2024-06-10,210.00,Central,William Thomas,Partner,2025-06-01 07:11:00.200
247,C003,P003,2024-06-11,787.00,Central,William Thomas,Partner,2025-06-01 07:11:00.200
248,C004,P004,2024-06-12,330.00,Central,William Thomas,Partner,2025-06-01 07:11:00.200
249,C005,P005,2024-06-13,896.00,Central,William Thomas,Partner,2025-06-01 07:11:00.200
250,C006,P006,2024-06-14,830.00,Central,William Thomas,Partner,2025-06-01 07:11:00.200
251,C007,P007,2024-06-15,406.00,Central,William Thomas,Partner,2025-06-01 07:11:00.200
252,C008,P008,2024-06-16,643.00,Central,William Thomas,Partner,2025-06-01 07:11:00.200
253,C009,P009,2024-06-17,922.00,Central,William Thomas,Partner,2025-06-01 07:11:00.200
254,C010,P010,2024-06-18,809.00,Central,William Thomas,Partner,2025-06-01 07:11:00.200
255,C001,P001,2024-06-19,992.00,Central,William Thomas,Partner,2025-06-01 07:11:00.200
256,C002,P002,2024-06-20,995.00,Central,William Thomas,Partner,2025-06-01 07:11:00.200
257,C003,P003,2024-06-21,509.00,Central,William Thomas,Partner,2025-06-01 07:11:00.200
258,C004,P004,2024-06-22,380.00,Central,William Thomas,Partner,2025-06-01 07:11:00.200
259,C005,P005,2024-06-23,808.00,Central,William Thomas,Partner,2025-06-01 07:11:00.200
260,C006,P006,2024-06-24,130.00,Central,William Thomas,Partner,2025-06-01 07:11:00.200
261,C007,P007,2024-06-25,273.00,Central,William Thomas,Partner,2025-06-01 07:11:00.200
262,C008,P008,2024-06-26,510.00,Central,William Thomas,Partner,2025-06-01 07:11:00.200
263,C009,P009,2024-06-27,666.00,Central,William Thomas,Partner,2025-06-01 07:11:00.200
264,C010,P010,2024-06-28,456.00,Central,William Thomas,Partner,2025-06-01 07:11:00.200
265,C001,P001,2024-06-29,398.00,Central,William Thomas,Partner,2025-06-01 07:11:00.200
266,C002,P002,2024-06-30,948.00,Central,William Thomas,Partner,2025-06-01 07:11:00.200
267,C003,P003,2024-07-01,435.00,Central,William Thomas,Partner,2025-06-01 07:11:00.200
268,C004,P004,2024-07-02,557.00,Central,William Thomas,Partner,2025-06-01 07:11:00.200
269,C005,P005,2024-07-03,357.00,Central,William Thomas,Partner,2025-06-01 07:11:00.200
270,C006,P006,2024-07-04,495.00,Central,William Thomas,Partner,2025-06-01 07:11:00.200
271,C007,P007,2024-07-05,428.00,Central,William Thomas,Partner,2025-06-01 07:11:00.200
272,C008,P008,2024-07-06,668.00,Central,William Thomas,Partner,2025-06-01 07:11:00.200
273,C009,P009,2024-07-07,828.00,Central,William Thomas,Partner,2025-06-01 07:11:00.200
274,C010,P010,2024-07-08,675.00,Central,William Thomas,Partner,2025-06-01 07:11:00.200
275,C001,P001,2024-07-09,653.00,Central,William Thomas,Partner,2025-06-01 07:11:00.200
276,C002,P002,2024-07-10,539.00,Central,William Thomas,Partner,2025-06-01 07:11:00.200
277,C003,P003,2024-07-11,914.00,Central,William Thomas,Partner,2025-06-01 07:11:00.200
278,C004,P004,2024-07-12,682.00,Central,William Thomas,Partner,2025-06-01 07:11:00.200
279,C005,P005,2024-07-13,735.00,Central,William Thomas,Partner,2025-06-01 07:11:00.200
280,C006,P006,2024-07-14,743.00,Central,William Thomas,Partner,2025-06-01 07:11:00.200
281,C007,P007,2024-07-15,548.00,Central,William Thomas,Partner,2025-06-01 07:11:00.200
282,C008,P008,2024-07-16,766.00,Central,William Thomas,Partner,2025-06-01 07:11:00.200
283,C009,P009,2024-07-17,211.00,Central,William Thomas,Partner,2025-06-01 07:11:00.200
284,C010,P010,2024-07-18,767.00,Central,William Thomas,Partner,2025-06-01 07:11:00.200
285,C001,P001,2024-07-19,376.00,Central,William Thomas,Partner,2025-06-01 07:11:00.200
286,C002,P002,2024-07-20,437.00,Central,William Thomas,Partner,2025-06-01 07:11:00.200
287,C003,P003,2024-07-21,155.00,Central,William Thomas,Partner,2025-06-01 07:11:00.200
288,C004,P004,2024-07-22,408.00,Central,William Thomas,Partner,2025-06-01 07:11:00.200
289,C005,P005,2024-07-23,204.00,Central,William Thomas,Partner,2025-06-01 07:11:00.200
290,C006,P006,2024-07-24,450.00,Central,William Thomas,Partner,2025-06-01 07:11:00.200
291,C007,P007,2024-07-25,660.00,Central,William Thomas,Partner,2025-06-01 07:11:00.200
292,C008,P008,2024-07-26,846.00,Central,William Thomas,Partner,2025-06-01 07:11:00.200
293,C009,P009,2024-07-27,276.00,Central,William Thomas,Partner,2025-06-01 07:11:00.200
294,C010,P010,2024-07-28,617.00,Central,William Thomas,Partner,2025-06-01 07:11:00.200
295,C001,P001,2024-07-29,481.00,Central,William Thomas,Partner,2025-06-01 07:11:00.200
296,C002,P002,2024-07-30,630.00,Central,William Thomas,Partner,2025-06-01 07:11:00.200
297,C003,P003,2024-07-31,515.00,Central,William Thomas,Partner,2025-06-01 07:11:00.200
298,C004,P004,2024-08-01,482.00,Central,William Thomas,Partner,2025-06-01 07:11:00.200
299,C005,P005,2024-08-02,899.00,Central,William Thomas,Partner,2025-06-01 07:11:00.200
300,C006,P006,2024-08-03,294.00,Central,William Thomas,Partner,2025-06-01 07:11:00.200
301,C007,P007,2024-08-04,276.00,Central,William Thomas,Partner,2025-06-01 07:11:00.200
302,C008,P008,2024-08-05,576.00,Central,William Thomas,Partner,2025-06-01 07:11:00.200
303,C009,P009,2024-08-06,450.00,Central,William Thomas,Partner,2025-06-01 07:11:00.200
304,C010,P010,2024-08-07,964.00,Central,William Thomas,Partner,2025-06-01 07:11:00.200
305,C001,P001,2024-08-08,380.00,Central,William Thomas,Partner,2025-06-01 07:11:00.200
306,C002,P002,2024-08-09,493.00,Central,William Thomas,Partner,2025-06-01 07:11:00.200
307,C003,P003,2024-08-10,689.00,Central,William Thomas,Partner,2025-06-01 07:11:00.200
308,C004,P004,2024-08-11,894.00,Central,William Thomas,Partner,2025-06-01 07:11:00.200
309,C005,P005,2024-08-12,856.00,Central,William Thomas,Partner,2025-06-01 07:11:00.200
310,C006,P006,2024-08-13,278.00,Central,William Thomas,Partner,2025-06-01 07:11:00.200
311,C007,P007,2024-08-14,496.00,Central,William Thomas,Partner,2025-06-01 07:11:00.200
312,C008,P008,2024-08-15,882.00,Central,William Thomas,Partner,2025-06-01 07:11:00.200
313,C009,P009,2024-08-16,145.00,Central,William Thomas,Partner,2025-06-01 07:11:00.200
314,C010,P010,2024-08-17,696.00,Central,William Thomas,Partner,2025-06-01 07:11:00.200
315,C001,P001,2024-08-18,201.00,Central,William Thomas,Partner,2025-06-01 07:11:00.200
316,C002,P002,2024-08-19,299.00,Central,William Thomas,Partner,2025-06-01 07:11:00.200
317,C003,P003,2024-08-20,584.00,Central,William Thomas,Partner,2025-06-01 07:11:00.200
318,C004,P004,2024-08-21,182.00,Central,William Thomas,Partner,2025-06-01 07:11:00.200
319,C005,P005,2024-08-22,906.00,Central,William Thomas,Partner,2025-06-01 07:11:00.200
320,C006,P006,2024-08-23,511.00,Central,William Thomas,Partner,2025-06-01 07:11:00.200
321,C007,P007,2024-08-24,273.00,Central,William Thomas,Partner,2025-06-01 07:11:00.200
322,C008,P008,2024-08-25,687.00,Central,William Thomas,Partner,2025-06-01 07:11:00.200
323,C009,P009,2024-08-26,937.00,Central,William Thomas,Partner,2025-06-01 07:11:00.200
324,C010,P010,2024-08-27,354.00,Central,William Thomas,Partner,2025-06-01 07:11:00.200
325,C001,P001,2024-08-28,666.00,Central,William Thomas,Partner,2025-06-01 07:11:00.200
326,C002,P002,2024-08-29,373.00,Central,William Thomas,Partner,2025-06-01 07:11:00.200
327,C003,P003,2024-08-30,171.00,Central,William Thomas,Partner,2025-06-01 07:11:00.200
328,C004,P004,2024-08-31,846.00,Central,William Thomas,Partner,2025-06-01 07:11:00.200
329,C005,P005,2024-09-01,353.00,Central,William Thomas,Partner,2025-06-01 07:11:00.200
330,C006,P006,2024-09-02,777.00,Central,William Thomas,Partner,2025-06-01 07:11:00.200
331,C007,P007,2024-09-03,182.00,Central,William Thomas,Partner,2025-06-01 07:11:00.200
332,C008,P008,2024-09-04,439.00,Central,William Thomas,Partner,2025-06-01 07:11:00.200
333,C009,P009,2024-09-05,299.00,Central,William Thomas,Partner,2025-06-01 07:11:00.200
334,C010,P010,2024-09-06,665.00,Central,William Thomas,Partner,2025-06-01 07:11:00.200
335,C001,P001,2024-09-07,645.00,Central,William Thomas,Partner,2025-06-01 07:11:00.200
336,C002,P002,2024-09-08,707.00,Central,William Thomas,Partner,2025-06-01 07:11:00.200
337,C003,P003,2024-09-09,153.00,Central,William Thomas,Partner,2025-06-01 07:11:00.200
338,C004,P004,2024-09-10,556.00,Central,William Thomas,Partner,2025-06-01 07:11:00.200
339,C005,P005,2024-09-11,596.00,Central,William Thomas,Partner,2025-06-01 07:11:00.200
340,C006,P006,2024-09-12,598.00,Central,William Thomas,Partner,2025-06-01 07:11:00.200
341,C007,P007,2024-09-13,217.00,Central,William Thomas,Partner,2025-06-01 07:11:00.200
342,C008,P008,2024-09-14,752.00,Central,William Thomas,Partner,2025-06-01 07:11:00.200
343,C009,P009,2024-09-15,357.00,Central,William Thomas,Partner,2025-06-01 07:11:00.200
344,C010,P010,2024-09-16,757.00,Central,William Thomas,Partner,2025-06-01 07:11:00.200
345,C001,P001,2024-09-17,291.00,Central,William Thomas,Partner,2025-06-01 07:11:00.200
346,C002,P002,2024-09-18,991.00,Central,William Thomas,Partner,2025-06-01 07:11:00.200
347,C003,P003,2024-09-19,123.00,Central,William Thomas,Partner,2025-06-01 07:11:00.200
348,C004,P004,2024-09-20,170.00,Central,William Thomas,Partner,2025-06-01 07:11:00.200
349,C005,P005,2024-09-21,645.00,Central,William Thomas,Partner,2025-06-01 07:11:00.200
350,C006,P006,2024-09-22,129.00,Central,William Thomas,Partner,2025-06-01 07:11:00.200
351,C007,P007,2024-09-23,644.00,Central,William Thomas,Partner,2025-06-01 07:11:00.200
352,C008,P008,2024-09-24,542.00,Central,William Thomas,Partner,2025-06-01 07:11:00.200
353,C009,P009,2024-09-25,948.00,Central,William Thomas,Partner,2025-06-01 07:11:00.200
354,C010,P010,2024-09-26,977.00,Central,William Thomas,Partner,2025-06-01 07:11:00.200
355,C001,P001,2024-09-27,752.00,Central,William Thomas,Partner,2025-06-01 07:11:00.200
356,C002,P002,2024-09-28,639.00,Central,William Thomas,Partner,2025-06-01 07:11:00.200
357,C003,P003,2024-09-29,518.00,Central,William Thomas,Partner,2025-06-01 07:11:00.200
358,C004,P004,2024-09-30,681.00,Central,William Thomas,Partner,2025-06-01 07:11:00.200
359,C005,P005,2024-10-01,471.00,Central,William Thomas,Partner,2025-06-01 07:11:00.200
360,C006,P006,2024-10-02,463.00,Central,William Thomas,Partner,2025-06-01 07:11:00.200
361,C007,P007,2024-10-03,189.00,Central,William Thomas,Partner,2025-06-01 07:11:00.200
362,C008,P008,2024-10-04,682.00,Central,William Thomas,Partner,2025-06-01 07:11:00.200
363,C009,P009,2024-10-05,921.00,Central,William Thomas,Partner,2025-06-01 07:11:00.200
364,C010,P010,2024-10-06,359.00,Central,William Thomas,Partner,2025-06-01 07:11:00.200
365,C001,P001,2024-10-07,330.00,Central,William Thomas,Partner,2025-06-01 07:11:00.200
366,C002,P002,2024-10-08,628.00,Central,William Thomas,Partner,2025-06-01 07:11:00.200
367,C003,P003,2024-10-09,995.00,Central,William Thomas,Partner,2025-06-01 07:11:00.200
368,C004,P004,2024-10-10,663.00,Central,William Thomas,Partner,2025-06-01 07:11:00.200
369,C005,P005,2024-10-11,394.00,Central,William Thomas,Partner,2025-06-01 07:11:00.200
370,C006,P006,2024-10-12,400.00,Central,William Thomas,Partner,2025-06-01 07:11:00.200
371,C007,P007,2024-10-13,119.00,Central,William Thomas,Partner,2025-06-01 07:11:00.200
372,C008,P008,2024-10-14,649.00,Central,William Thomas,Partner,2025-06-01 07:11:00.200
373,C009,P009,2024-10-15,669.00,Central,William Thomas,Partner,2025-06-01 07:11:00.200
374,C010,P010,2024-10-16,221.00,Central,William Thomas,Partner,2025-06-01 07:11:00.200
375,C001,P001,2024-10-17,358.00,Central,William Thomas,Partner,2025-06-01 07:11:00.200
376,C002,P002,2024-10-18,889.00,Central,William Thomas,Partner,2025-06-01 07:11:00.200
377,C003,P003,2024-10-19,784.00,Central,William Thomas,Partner,2025-06-01 07:11:00.200
378,C004,P004,2024-10-20,500.00,Central,William Thomas,Partner,2025-06-01 07:11:00.200
379,C005,P005,2024-10-21,481.00,Central,William Thomas,Partner,2025-06-01 07:11:00.200
380,C006,P006,2024-10-22,479.00,Central,William Thomas,Partner,2025-06-01 07:11:00.200
381,C007,P007,2024-10-23,307.00,Central,William Thomas,Partner,2025-06-01 07:11:00.200
382,C008,P008,2024-10-24,633.00,Central,William Thomas,Partner,2025-06-01 07:11:00.200
383,C009,P009,2024-10-25,272.00,Central,William Thomas,Partner,2025-06-01 07:11:00.200
384,C010,P010,2024-10-26,669.00,Central,William Thomas,Partner,2025-06-01 07:11:00.200
385,C001,P001,2024-10-27,660.00,Central,William Thomas,Partner,2025-06-01 07:11:00.200
386,C002,P002,2024-10-28,540.00,Central,William Thomas,Partner,2025-06-01 07:11:00.200
387,C003,P003,2024-10-29,279.00,Central,William Thomas,Partner,2025-06-01 07:11:00.200
388,C004,P004,2024-10-30,756.00,Central,William Thomas,Partner,2025-06-01 07:11:00.200
389,C005,P005,2024-10-31,859.00,Central,William Thomas,Partner,2025-06-01 07:11:00.200
390,C006,P006,2024-11-01,202.00,Central,William Thomas,Partner,2025-06-01 07:11:00.200
391,C007,P007,2024-11-02,714.00,Central,William Thomas,Partner,2025-06-01 07:11:00.200
392,C008,P008,2024-11-03,821.00,Central,William Thomas,Partner,2025-06-01 07:11:00.200
393,C009,P009,2024-11-04,478.00,Central,William Thomas,Partner,2025-06-01 07:11:00.200
394,C010,P010,2024-11-05,909.00,Central,William Thomas,Partner,2025-06-01 07:11:00.200
395,C001,P001,2024-11-06,843.00,Central,William Thomas,Partner,2025-06-01 07:11:00.200
396,C002,P002,2024-11-07,884.00,Central,William Thomas,Partner,2025-06-01 07:11:00.200
397,C003,P003,2024-11-08,422.00,Central,William Thomas,Partner,2025-06-01 07:11:00.200
398,C004,P004,2024-11-09,976.00,Central,William Thomas,Partner,2025-06-01 07:11:00.200
399,C005,P005,2024-11-10,984.00,Central,William Thomas,Partner,2025-06-01 07:11:00.200
400,C006,P006,2024-11-11,893.00,Central,William Thomas,Partner,2025-06-01 07:11:00.200
401,C007,P007,2024-11-12,668.00,Central,William Thomas,Partner,2025-06-01 07:11:00.200
402,C008,P008,2024-11-13,960.00,Central,William Thomas,Partner,2025-06-01 07:11:00.200
403,C009,P009,2024-11-14,633.00,Central,William Thomas,Partner,2025-06-01 07:11:00.200
404,C010,P010,2024-11-15,721.00,Central,William Thomas,Partner,2025-06-01 07:11:00.200
405,C001,P001,2024-11-16,959.00,Central,William Thomas,Partner,2025-06-01 07:11:00.200
406,C002,P002,2024-11-17,931.00,Central,William Thomas,Partner,2025-06-01 07:11:00.200
407,C003,P003,2024-11-18,917.00,Central,William Thomas,Partner,2025-06-01 07:11:00.200
408,C004,P004,2024-11-19,267.00,Central,William Thomas,Partner,2025-06-01 07:11:00.200
409,C005,P005,2024-11-20,969.00,Central,William Thomas,Partner,2025-06-01 07:11:00.200
410,C006,P006,2024-11-21,635.00,Central,William Thomas,Partner,2025-06-01 07:11:00.200
411,C007,P007,2024-11-22,760.00,Central,William Thomas,Partner,2025-06-01 07:11:00.200
412,C008,P008,2024-11-23,160.00,Central,William Thomas,Partner,2025-06-01 07:11:00.200
413,C009,P009,2024-11-24,255.00,Central,William Thomas,Partner,2025-06-01 07:11:00.200
414,C010,P010,2024-11-25,777.00,Central,William Thomas,Partner,2025-06-01 07:11:00.200
415,C001,P001,2024-11-26,190.00,Central,William Thomas,Partner,2025-06-01 07:11:00.200
416,C002,P002,2024-11-27,539.00,Central,William Thomas,Partner,2025-06-01 07:11:00.200
417,C003,P003,2024-11-28,813.00,Central,William Thomas,Partner,2025-06-01 07:11:00.200
418,C004,P004,2024-11-29,652.00,Central,William Thomas,Partner,2025-06-01 07:11:00.200
419,C005,P005,2024-11-30,774.00,Central,William Thomas,Partner,2025-06-01 07:11:00.200
420,C006,P006,2024-12-01,810.00,Central,William Thomas,Partner,2025-06-01 07:11:00.200
421,C007,P007,2024-12-02,566.00,Central,William Thomas,Partner,2025-06-01 07:11:00.200
422,C008,P008,2024-12-03,536.00,Central,William Thomas,Partner,2025-06-01 07:11:00.200
423,C009,P009,2024-12-04,751.00,Central,William Thomas,Partner,2025-06-01 07:11:00.200
424,C010,P010,2024-12-05,620.00,Central,William Thomas,Partner,2025-06-01 07:11:00.200
425,C001,P001,2024-12-06,990.00,Central,William Thomas,Partner,2025-06-01 07:11:00.200
426,C002,P002,2024-12-07,266.00,Central,William Thomas,Partner,2025-06-01 07:11:00.200
427,C003,P003,2024-12-08,714.00,Central,William Thomas,Partner,2025-06-01 07:11:00.200
428,C004,P004,2024-12-09,646.00,Central,William Thomas,Partner,2025-06-01 07:11:00.200
429,C005,P005,2024-12-10,908.00,Central,William Thomas,Partner,2025-06-01 07:11:00.200
430,C006,P006,2024-12-11,160.00,Central,William Thomas,Partner,2025-06-01 07:11:00.200
431,C007,P007,2024-12-12,283.00,Central,William Thomas,Partner,2025-06-01 07:11:00.200
432,C008,P008,2024-12-13,503.00,Central,William Thomas,Partner,2025-06-01 07:11:00.200
433,C009,P009,2024-12-14,189.00,Central,William Thomas,Partner,2025-06-01 07:11:00.200
434,C010,P010,2024-12-15,148.00,Central,William Thomas,Partner,2025-06-01 07:11:00.200
435,C001,P001,2024-12-16,869.00,Central,William Thomas,Partner,2025-06-01 07:11:00.200
436,C002,P002,2024-12-17,903.00,Central,William Thomas,Partner,2025-06-01 07:11:00.200
437,C003,P003,2024-12-18,685.00,Central,William Thomas,Partner,2025-06-01 07:11:00.200
438,C004,P004,2024-12-19,662.00,Central,William Thomas,Partner,2025-06-01 07:11:00.200
439,C005,P005,2024-12-20,171.00,Central,William Thomas,Partner,2025-06-01 07:11:00.200
440,C006,P006,2024-12-21,360.00,Central,William Thomas,Partner,2025-06-01 07:11:00.200
441,C007,P007,2024-12-22,685.00,Central,William Thomas,Partner,2025-06-01 07:11:00.200
442,C008,P008,2024-12-23,935.00,Central,William Thomas,Partner,2025-06-01 07:11:00.200
443,C009,P009,2024-12-24,780.00,Central,William Thomas,Partner,2025-06-01 07:11:00.200
444,C010,P010,2024-12-25,690.00,Central,William Thomas,Partner,2025-06-01 07:11:00.200
445,C001,P001,2024-12-26,955.00,Central,William Thomas,Partner,2025-06-01 07:11:00.200
446,C002,P002,2024-12-27,620.00,Central,William Thomas,Partner,2025-06-01 07:11:00.200
447,C003,P003,2024-12-28,351.00,Central,William Thomas,Partner,2025-06-01 07:11:00.200
448,C004,P004,2024-12-29,318.00,Central,William Thomas,Partner,2025-06-01 07:11:00.200
449,C005,P005,2024-12-30,786.00,Central,William Thomas,Partner,2025-06-01 07:11:00.200
450,C006,P006,2024-01-01,590.00,Central,William Thomas,Partner,2025-06-01 07:11:00.200
451,C007,P007,2024-01-02,498.00,Central,William Thomas,Partner,2025-06-01 07:11:00.200
452,C008,P008,2024-01-03,173.00,Central,William Thomas,Partner,2025-06-01 07:11:00.200
453,C009,P009,2024-01-04,490.00,Central,William Thomas,Partner,2025-06-01 07:11:00.200
454,C010,P010,2024-01-05,706.00,Central,William Thomas,Partner,2025-06-01 07:11:00.200
455,C001,P001,2024-01-06,165.00,Central,William Thomas,Partner,2025-06-01 07:11:00.200
456,C002,P002,2024-01-07,335.00,Central,William Thomas,Partner,2025-06-01 07:11:00.200
457,C003,P003,2024-01-08,863.00,Central,William Thomas,Partner,2025-06-01 07:11:00.200
458,C004,P004,2024-01-09,396.00,Central,William Thomas,Partner,2025-06-01 07:11:00.200
459,C005,P005,2024-01-10,612.00,Central,William Thomas,Partner,2025-06-01 07:11:00.200
460,C006,P006,2024-01-11,249.00,Central,William Thomas,Partner,2025-06-01 07:11:00.200
461,C007,P007,2024-01-12,982.00,Central,William Thomas,Partner,2025-06-01 07:11:00.200
462,C008,P008,2024-01-13,119.00,Central,William Thomas,Partner,2025-06-01 07:11:00.200
463,C009,P009,2024-01-14,165.00,Central,William Thomas,Partner,2025-06-01 07:11:00.200
464,C010,P010,2024-01-15,198.00,Central,William Thomas,Partner,2025-06-01 07:11:00.200
465,C001,P001,2024-01-16,142.00,Central,William Thomas,Partner,2025-06-01 07:11:00.200
466,C002,P002,2024-01-17,335.00,Central,William Thomas,Partner,2025-06-01 07:11:00.200
467,C003,P003,2024-01-18,200.00,Central,William Thomas,Partner,2025-06-01 07:11:00.200
468,C004,P004,2024-01-19,125.00,Central,William Thomas,Partner,2025-06-01 07:11:00.200
469,C005,P005,2024-01-20,707.00,Central,William Thomas,Partner,2025-06-01 07:11:00.200
470,C006,P006,2024-01-21,138.00,Central,William Thomas,Partner,2025-06-01 07:11:00.200
471,C007,P007,2024-01-22,437.00,Central,William Thomas,Partner,2025-06-01 07:11:00.200
472,C008,P008,2024-01-23,560.00,Central,William Thomas,Partner,2025-06-01 07:11:00.200
473,C009,P009,2024-01-24,809.00,Central,William Thomas,Partner,2025-06-01 07:11:00.200
474,C010,P010,2024-01-25,289.00,Central,William Thomas,Partner,2025-06-01 07:11:00.200
475,C001,P001,2024-01-26,488.00,Central,William Thomas,Partner,2025-06-01 07:11:00.200
476,C002,P002,2024-01-27,740.00,Central,William Thomas,Partner,2025-06-01 07:11:00.200
477,C003,P003,2024-01-28,756.00,Central,William Thomas,Partner,2025-06-01 07:11:00.200
478,C004,P004,2024-01-29,912.00,Central,William Thomas,Partner,2025-06-01 07:11:00.200
479,C005,P005,2024-01-30,712.00,Central,William Thomas,Partner,2025-06-01 07:11:00.200
480,C006,P006,2024-01-31,614.00,Central,William Thomas,Partner,2025-06-01 07:11:00.200
481,C007,P007,2024-02-01,858.00,Central,William Thomas,Partner,2025-06-01 07:11:00.200
482,C008,P008,2024-02-02,802.00,Central,William Thomas,Partner,2025-06-01 07:11:00.200
483,C009,P009,2024-02-03,829.00,Central,William Thomas,Partner,2025-06-01 07:11:00.200
484,C010,P010,2024-02-04,450.00,Central,William Thomas,Partner,2025-06-01 07:11:00.200
485,C001,P001,2024-02-05,708.00,Central,William Thomas,Partner,2025-06-01 07:11:00.200
486,C002,P002,2024-02-06,829.00,Central,William Thomas,Partner,2025-06-01 07:11:00.200
487,C003,P003,2024-02-07,363.00,Central,William Thomas,Partner,2025-06-01 07:11:00.200
488,C004,P004,2024-02-08,715.00,Central,William Thomas,Partner,2025-06-01 07:11:00.200
489,C005,P005,2024-02-09,703.00,Central,William Thomas,Partner,2025-06-01 07:11:00.200
490,C006,P006,2024-02-10,481.00,Central,William Thomas,Partner,2025-06-01 07:11:00.200
491,C007,P007,2024-02-11,923.00,Central,William Thomas,Partner,2025-06-01 07:11:00.200
492,C008,P008,2024-02-12,874.00,Central,William Thomas,Partner,2025-06-01 07:11:00.200
493,C009,P009,2024-02-13,214.00,Central,William Thomas,Partner,2025-06-01 07:11:00.200
494,C010,P010,2024-02-14,548.00,Central,William Thomas,Partner,2025-06-01 07:11:00.200
495,C001,P001,2024-02-15,820.00,Central,William Thomas,Partner,2025-06-01 07:11:00.200
496,C002,P002,2024-02-16,937.00,Central,William Thomas,Partner,2025-06-01 07:11:00.200
497,C003,P003,2024-02-17,341.00,Central,William Thomas,Partner,2025-06-01 07:11:00.200
498,C004,P004,2024-02-18,343.00,Central,William Thomas,Partner,2025-06-01 07:11:00.200
499,C005,P005,2024-02-19,602.00,Central,William Thomas,Partner,2025-06-01 07:11:00.200
500,C006,P006,2024-02-20,946.00,Central,William Thomas,Partner,2025-06-01 07:11:00.200
501,C007,P007,2024-02-21,805.00,Central,William Thomas,Partner,2025-06-01 07:11:00.200
502,C008,P008,2024-02-22,428.00,Central,William Thomas,Partner,2025-06-01 07:11:00.200
503,C009,P009,2024-02-23,248.00,Central,William Thomas,Partner,2025-06-01 07:11:00.200
504,C010,P010,2024-02-24,594.00,Central,William Thomas,Partner,2025-06-01 07:11:00.200
505,C001,P001,2024-02-25,191.00,Central,William Thomas,Partner,2025-06-01 07:11:00.200
506,C002,P002,2024-02-26,500.00,Central,William Thomas,Partner,2025-06-01 07:11:00.200
507,C003,P003,2024-02-27,116.00,Central,William Thomas,Partner,2025-06-01 07:11:00.200
508,C004,P004,2024-02-28,783.00,Central,William Thomas,Partner,2025-06-01 07:11:00.200
509,C005,P005,2024-02-29,391.00,Central,William Thomas,Partner,2025-06-01 07:11:00.200
510,C006,P006,2024-03-01,108.00,Central,William Thomas,Partner,2025-06-01 07:11:00.200
511,C007,P007,2024-03-02,843.00,Central,William Thomas,Partner,2025-06-01 07:11:00.200
512,C008,P008,2024-03-03,926.00,Central,William Thomas,Partner,2025-06-01 07:11:00.200
513,C009,P009,2024-03-04,818.00,Central,William Thomas,Partner,2025-06-01 07:11:00.200
514,C010,P010,2024-03-05,882.00,Central,William Thomas,Partner,2025-06-01 07:11:00.200
515,C001,P001,2024-03-06,366.00,Central,William Thomas,Partner,2025-06-01 07:11:00.200
516,C002,P002,2024-03-07,572.00,Central,William Thomas,Partner,2025-06-01 07:11:00.200
517,C003,P003,2024-03-08,795.00,Central,William Thomas,Partner,2025-06-01 07:11:00.200
518,C004,P004,2024-03-09,648.00,Central,William Thomas,Partner,2025-06-01 07:11:00.200
519,C005,P005,2024-03-10,781.00,Central,William Thomas,Partner,2025-06-01 07:11:00.200
520,C006,P006,2024-03-11,745.00,Central,William Thomas,Partner,2025-06-01 07:11:00.200
521,C007,P007,2024-03-12,615.00,Central,William Thomas,Partner,2025-06-01 07:11:00.200
522,C008,P008,2024-03-13,671.00,Central,William Thomas,Partner,2025-06-01 07:11:00.200
523,C009,P009,2024-03-14,194.00,Central,William Thomas,Partner,2025-06-01 07:11:00.200
524,C010,P010,2024-03-15,268.00,Central,William Thomas,Partner,2025-06-01 07:11:00.200
525,C001,P001,2024-03-16,950.00,Central,William Thomas,Partner,2025-06-01 07:11:00.200
526,C002,P002,2024-03-17,239.00,Central,William Thomas,Partner,2025-06-01 07:11:00.200
527,C003,P003,2024-03-18,241.00,Central,William Thomas,Partner,2025-06-01 07:11:00.200
528,C004,P004,2024-03-19,670.00,Central,William Thomas,Partner,2025-06-01 07:11:00.200
529,C005,P005,2024-03-20,540.00,Central,William Thomas,Partner,2025-06-01 07:11:00.200
530,C006,P006,2024-03-21,108.00,Central,William Thomas,Partner,2025-06-01 07:11:00.200
531,C007,P007,2024-03-22,414.00,Central,William Thomas,Partner,2025-06-01 07:11:00.200
532,C008,P008,2024-03-23,827.00,Central,William Thomas,Partner,2025-06-01 07:11:00.200
533,C009,P009,2024-03-24,532.00,Central,William Thomas,Partner,2025-06-01 07:11:00.200
534,C010,P010,2024-03-25,532.00,Central,William Thomas,Partner,2025-06-01 07:11:00.200
535,C001,P001,2024-03-26,271.00,Central,William Thomas,Partner,2025-06-01 07:11:00.200
536,C002,P002,2024-03-27,673.00,Central,William Thomas,Partner,2025-06-01 07:11:00.200
537,C003,P003,2024-03-28,277.00,Central,William Thomas,Partner,2025-06-01 07:11:00.200
538,C004,P004,2024-03-29,112.00,Central,William Thomas,Partner,2025-06-01 07:11:00.200
539,C005,P005,2024-03-30,568.00,Central,William Thomas,Partner,2025-06-01 07:11:00.200
540,C006,P006,2024-03-31,285.00,Central,William Thomas,Partner,2025-06-01 07:11:00.200
541,C007,P007,2024-04-01,934.00,Central,William Thomas,Partner,2025-06-01 07:11:00.200
542,C008,P008,2024-04-02,847.00,Central,William Thomas,Partner,2025-06-01 07:11:00.200
543,C009,P009,2024-04-03,224.00,Central,William Thomas,Partner,2025-06-01 07:11:00.200
544,C010,P010,2024-04-04,256.00,Central,William Thomas,Partner,2025-06-01 07:11:00.200
545,C001,P001,2024-04-05,566.00,Central,William Thomas,Partner,2025-06-01 07:11:00.200
546,C002,P002,2024-04-06,282.00,Central,William Thomas,Partner,2025-06-01 07:11:00.200
547,C003,P003,2024-04-07,785.00,Central,William Thomas,Partner,2025-06-01 07:11:00.200
548,C004,P004,2024-04-08,369.00,Central,William Thomas,Partner,2025-06-01 07:11:00.200
549,C005,P005,2024-04-09,457.00,Central,William Thomas,Partner,2025-06-01 07:11:00.200
550,C006,P006,2024-04-10,988.00,Central,William Thomas,Partner,2025-06-01 07:11:00.200
551,C007,P007,2024-04-11,958.00,Central,William Thomas,Partner,2025-06-01 07:11:00.200
552,C008,P008,2024-04-12,733.00,Central,William Thomas,Partner,2025-06-01 07:11:00.200
553,C009,P009,2024-04-13,807.00,Central,William Thomas,Partner,2025-06-01 07:11:00.200
554,C010,P010,2024-04-14,661.00,Central,William Thomas,Partner,2025-06-01 07:11:00.200
555,C001,P001,2024-04-15,680.00,Central,William Thomas,Partner,2025-06-01 07:11:00.200
556,C002,P002,2024-04-16,418.00,Central,William Thomas,Partner,2025-06-01 07:11:00.200
557,C003,P003,2024-04-17,647.00,Central,William Thomas,Partner,2025-06-01 07:11:00.200
558,C004,P004,2024-04-18,724.00,Central,William Thomas,Partner,2025-06-01 07:11:00.200
559,C005,P005,2024-04-19,413.00,Central,William Thomas,Partner,2025-06-01 07:11:00.200
560,C006,P006,2024-04-20,473.00,Central,William Thomas,Partner,2025-06-01 07:11:00.200
561,C007,P007,2024-04-21,712.00,Central,William Thomas,Partner,2025-06-01 07:11:00.200
562,C008,P008,2024-04-22,173.00,Central,William Thomas,Partner,2025-06-01 07:11:00.200
563,C009,P009,2024-04-23,759.00,Central,William Thomas,Partner,2025-06-01 07:11:00.200
564,C010,P010,2024-04-24,374.00,Central,William Thomas,Partner,2025-06-01 07:11:00.200
565,C001,P001,2024-04-25,669.00,Central,William Thomas,Partner,2025-06-01 07:11:00.200
566,C002,P002,2024-04-26,942.00,Central,William Thomas,Partner,2025-06-01 07:11:00.200
567,C003,P003,2024-04-27,273.00,Central,William Thomas,Partner,2025-06-01 07:11:00.200
568,C004,P004,2024-04-28,495.00,Central,William Thomas,Partner,2025-06-01 07:11:00.200
569,C005,P005,2024-04-29,338.00,Central,William Thomas,Partner,2025-06-01 07:11:00.200
570,C006,P006,2024-04-30,505.00,Central,William Thomas,Partner,2025-06-01 07:11:00.200
571,C007,P007,2024-05-01,504.00,Central,William Thomas,Partner,2025-06-01 07:11:00.200
572,C008,P008,2024-05-02,709.00,Central,William Thomas,Partner,2025-06-01 07:11:00.200
573,C009,P009,2024-05-03,471.00,Central,William Thomas,Partner,2025-06-01 07:11:00.200
574,C010,P010,2024-05-04,353.00,Central,William Thomas,Partner,2025-06-01 07:11:00.200
575,C001,P001,2024-05-05,231.00,Central,William Thomas,Partner,2025-06-01 07:11:00.200
576,C002,P002,2024-05-06,923.00,Central,William Thomas,Partner,2025-06-01 07:11:00.200
577,C003,P003,2024-05-07,424.00,Central,William Thomas,Partner,2025-06-01 07:11:00.200
578,C004,P004,2024-05-08,783.00,Central,William Thomas,Partner,2025-06-01 07:11:00.200
579,C005,P005,2024-05-09,556.00,Central,William Thomas,Partner,2025-06-01 07:11:00.200
580,C006,P006,2024-05-10,208.00,Central,William Thomas,Partner,2025-06-01 07:11:00.200
581,C007,P007,2024-05-11,816.00,Central,William Thomas,Partner,2025-06-01 07:11:00.200
582,C008,P008,2024-05-12,926.00,Central,William Thomas,Partner,2025-06-01 07:11:00.200
583,C009,P009,2024-05-13,781.00,Central,William Thomas,Partner,2025-06-01 07:11:00.200
584,C010,P010,2024-05-14,185.00,Central,William Thomas,Partner,2025-06-01 07:11:00.200
585,C001,P001,2024-05-15,963.00,Central,William Thomas,Partner,2025-06-01 07:11:00.200
586,C002,P002,2024-05-16,516.00,Central,William Thomas,Partner,2025-06-01 07:11:00.200
587,C003,P003,2024-05-17,694.00,Central,William Thomas,Partner,2025-06-01 07:11:00.200
588,C004,P004,2024-05-18,495.00,Central,William Thomas,Partner,2025-06-01 07:11:00.200
589,C005,P005,2024-05-19,285.00,Central,William Thomas,Partner,2025-06-01 07:11:00.200
590,C006,P006,2024-05-20,447.00,Central,William Thomas,Partner,2025-06-01 07:11:00.200
591,C007,P007,2024-05-21,183.00,Central,William Thomas,Partner,2025-06-01 07:11:00.200
592,C008,P008,2024-05-22,687.00,Central,William Thomas,Partner,2025-06-01 07:11:00.200
593,C009,P009,2024-05-23,864.00,Central,William Thomas,Partner,2025-06-01 07:11:00.200
594,C010,P010,2024-05-24,670.00,Central,William Thomas,Partner,2025-06-01 07:11:00.200
595,C001,P001,2024-05-25,859.00,Central,William Thomas,Partner,2025-06-01 07:11:00.200
596,C002,P002,2024-05-26,200.00,Central,William Thomas,Partner,2025-06-01 07:11:00.200
597,C003,P003,2024-05-27,761.00,Central,William Thomas,Partner,2025-06-01 07:11:00.200
598,C004,P004,2024-05-28,272.00,Central,William Thomas,Partner,2025-06-01 07:11:00.200
599,C005,P005,2024-05-29,107.00,Central,William Thomas,Partner,2025-06-01 07:11:00.200
600,C006,P006,2024-05-30,827.00,Central,William Thomas,Partner,2025-06-01 07:11:00.200
601,C007,P007,2024-05-31,725.00,Central,William Thomas,Partner,2025-06-01 07:11:00.200
602,C008,P008,2024-06-01,358.00,Central,William Thomas,Partner,2025-06-01 07:11:00.200
603,C009,P009,2024-06-02,219.00,Central,William Thomas,Partner,2025-06-01 07:11:00.200
604,C010,P010,2024-06-03,434.00,Central,William Thomas,Partner,2025-06-01 07:11:00.200
605,C001,P001,2024-06-04,988.00,Central,William Thomas,Partner,2025-06-01 07:11:00.200
606,C002,P002,2024-06-05,472.00,Central,William Thomas,Partner,2025-06-01 07:11:00.200
607,C003,P003,2024-06-06,932.00,Central,William Thomas,Partner,2025-06-01 07:11:00.200
608,C004,P004,2024-06-07,181.00,Central,William Thomas,Partner,2025-06-01 07:11:00.200
609,C005,P005,2024-06-08,359.00,Central,William Thomas,Partner,2025-06-01 07:11:00.200
610,C006,P006,2024-06-09,640.00,Central,William Thomas,Partner,2025-06-01 07:11:00.200
611,C007,P007,2024-06-10,398.00,Central,William Thomas,Partner,2025-06-01 07:11:00.200
612,C008,P008,2024-06-11,519.00,Central,William Thomas,Partner,2025-06-01 07:11:00.200
613,C009,P009,2024-06-12,150.00,Central,William Thomas,Partner,2025-06-01 07:11:00.200
614,C010,P010,2024-06-13,148.00,Central,William Thomas,Partner,2025-06-01 07:11:00.200
615,C001,P001,2024-06-14,403.00,Central,William Thomas,Partner,2025-06-01 07:11:00.200
616,C002,P002,2024-06-15,776.00,Central,William Thomas,Partner,2025-06-01 07:11:00.200
617,C003,P003,2024-06-16,380.00,Central,William Thomas,Partner,2025-06-01 07:11:00.200
618,C004,P004,2024-06-17,916.00,Central,William Thomas,Partner,2025-06-01 07:11:00.200
619,C005,P005,2024-06-18,259.00,Central,William Thomas,Partner,2025-06-01 07:11:00.200
620,C006,P006,2024-06-19,592.00,Central,William Thomas,Partner,2025-06-01 07:11:00.200
621,C007,P007,2024-06-20,422.00,Central,William Thomas,Partner,2025-06-01 07:11:00.200
622,C008,P008,2024-06-21,654.00,Central,William Thomas,Partner,2025-06-01 07:11:00.200
623,C009,P009,2024-06-22,747.00,Central,William Thomas,Partner,2025-06-01 07:11:00.200
624,C010,P010,2024-06-23,199.00,Central,William Thomas,Partner,2025-06-01 07:11:00.200
625,C001,P001,2024-06-24,746.00,Central,William Thomas,Partner,2025-06-01 07:11:00.200
626,C002,P002,2024-06-25,393.00,Central,William Thomas,Partner,2025-06-01 07:11:00.200
627,C003,P003,2024-06-26,366.00,Central,William Thomas,Partner,2025-06-01 07:11:00.200
628,C004,P004,2024-06-27,729.00,Central,William Thomas,Partner,2025-06-01 07:11:00.200
629,C005,P005,2024-06-28,734.00,Central,William Thomas,Partner,2025-06-01 07:11:00.200
630,C006,P006,2024-06-29,752.00,Central,William Thomas,Partner,2025-06-01 07:11:00.200
631,C007,P007,2024-06-30,120.00,Central,William Thomas,Partner,2025-06-01 07:11:00.200
632,C008,P008,2024-07-01,682.00,Central,William Thomas,Partner,2025-06-01 07:11:00.200
633,C009,P009,2024-07-02,436.00,Central,William Thomas,Partner,2025-06-01 07:11:00.200
634,C010,P010,2024-07-03,618.00,Central,William Thomas,Partner,2025-06-01 07:11:00.200
635,C001,P001,2024-07-04,441.00,Central,William Thomas,Partner,2025-06-01 07:11:00.200
636,C002,P002,2024-07-05,574.00,Central,William Thomas,Partner,2025-06-01 07:11:00.200
637,C003,P003,2024-07-06,947.00,Central,William Thomas,Partner,2025-06-01 07:11:00.200
638,C004,P004,2024-07-07,616.00,Central,William Thomas,Partner,2025-06-01 07:11:00.200
639,C005,P005,2024-07-08,466.00,Central,William Thomas,Partner,2025-06-01 07:11:00.200
640,C006,P006,2024-07-09,939.00,Central,William Thomas,Partner,2025-06-01 07:11:00.200
641,C007,P007,2024-07-10,314.00,Central,William Thomas,Partner,2025-06-01 07:11:00.200
642,C008,P008,2024-07-11,394.00,Central,William Thomas,Partner,2025-06-01 07:11:00.200
643,C009,P009,2024-07-12,169.00,Central,William Thomas,Partner,2025-06-01 07:11:00.200
644,C010,P010,2024-07-13,622.00,Central,William Thomas,Partner,2025-06-01 07:11:00.200
645,C001,P001,2024-07-14,942.00,Central,William Thomas,Partner,2025-06-01 07:11:00.200
646,C002,P002,2024-07-15,381.00,Central,William Thomas,Partner,2025-06-01 07:11:00.200
647,C003,P003,2024-07-16,945.00,Central,William Thomas,Partner,2025-06-01 07:11:00.200
648,C004,P004,2024-07-17,532.00,Central,William Thomas,Partner,2025-06-01 07:11:00.200
649,C005,P005,2024-07-18,202.00,Central,William Thomas,Partner,2025-06-01 07:11:00.200
650,C006,P006,2024-07-19,783.00,Central,William Thomas,Partner,2025-06-01 07:11:00.200
651,C007,P007,2024-07-20,626.00,Central,William Thomas,Partner,2025-06-01 07:11:00.200
652,C008,P008,2024-07-21,767.00,Central,William Thomas,Partner,2025-06-01 07:11:00.200
653,C009,P009,2024-07-22,272.00,Central,William Thomas,Partner,2025-06-01 07:11:00.200
654,C010,P010,2024-07-23,816.00,Central,William Thomas,Partner,2025-06-01 07:11:00.200
655,C001,P001,2024-07-24,240.00,Central,William Thomas,Partner,2025-06-01 07:11:00.200
656,C002,P002,2024-07-25,641.00,Central,William Thomas,Partner,2025-06-01 07:11:00.200
657,C003,P003,2024-07-26,730.00,Central,William Thomas,Partner,2025-06-01 07:11:00.200
658,C004,P004,2024-07-27,116.00,Central,William Thomas,Partner,2025-06-01 07:11:00.200
659,C005,P005,2024-07-28,710.00,Central,William Thomas,Partner,2025-06-01 07:11:00.200
660,C006,P006,2024-07-29,934.00,Central,William Thomas,Partner,2025-06-01 07:11:00.200
661,C007,P007,2024-07-30,313.00,Central,William Thomas,Partner,2025-06-01 07:11:00.200
662,C008,P008,2024-07-31,905.00,Central,William Thomas,Partner,2025-06-01 07:11:00.200
663,C009,P009,2024-08-01,767.00,Central,William Thomas,Partner,2025-06-01 07:11:00.200
664,C010,P010,2024-08-02,574.00,Central,William Thomas,Partner,2025-06-01 07:11:00.200
665,C001,P001,2024-08-03,794.00,Central,William Thomas,Partner,2025-06-01 07:11:00.200
666,C002,P002,2024-08-04,971.00,Central,William Thomas,Partner,2025-06-01 07:11:00.200
667,C003,P003,2024-08-05,557.00,Central,William Thomas,Partner,2025-06-01 07:11:00.200
668,C004,P004,2024-08-06,606.00,Central,William Thomas,Partner,2025-06-01 07:11:00.200
669,C005,P005,2024-08-07,795.00,Central,William Thomas,Partner,2025-06-01 07:11:00.200
670,C006,P006,2024-08-08,382.00,Central,William Thomas,Partner,2025-06-01 07:11:00.200
671,C007,P007,2024-08-09,645.00,Central,William Thomas,Partner,2025-06-01 07:11:00.200
672,C008,P008,2024-08-10,562.00,Central,William Thomas,Partner,2025-06-01 07:11:00.200
673,C009,P009,2024-08-11,457.00,Central,William Thomas,Partner,2025-06-01 07:11:00.200
674,C010,P010,2024-08-12,958.00,Central,William Thomas,Partner,2025-06-01 07:11:00.200
675,C001,P001,2024-08-13,304.00,Central,William Thomas,Partner,2025-06-01 07:11:00.200
676,C002,P002,2024-08-14,271.00,Central,William Thomas,Partner,2025-06-01 07:11:00.200
677,C003,P003,2024-08-15,474.00,Central,William Thomas,Partner,2025-06-01 07:11:00.200
678,C004,P004,2024-08-16,745.00,Central,William Thomas,Partner,2025-06-01 07:11:00.200
679,C005,P005,2024-08-17,418.00,Central,William Thomas,Partner,2025-06-01 07:11:00.200
680,C006,P006,2024-08-18,877.00,Central,William Thomas,Partner,2025-06-01 07:11:00.200
681,C007,P007,2024-08-19,477.00,Central,William Thomas,Partner,2025-06-01 07:11:00.200
682,C008,P008,2024-08-20,764.00,Central,William Thomas,Partner,2025-06-01 07:11:00.200
683,C009,P009,2024-08-21,985.00,Central,William Thomas,Partner,2025-06-01 07:11:00.200
684,C010,P010,2024-08-22,402.00,Central,William Thomas,Partner,2025-06-01 07:11:00.200
685,C001,P001,2024-08-23,425.00,Central,William Thomas,Partner,2025-06-01 07:11:00.200
686,C002,P002,2024-08-24,869.00,Central,William Thomas,Partner,2025-06-01 07:11:00.200
687,C003,P003,2024-08-25,944.00,Central,William Thomas,Partner,2025-06-01 07:11:00.200
688,C004,P004,2024-08-26,274.00,Central,William Thomas,Partner,2025-06-01 07:11:00.200
689,C005,P005,2024-08-27,959.00,Central,William Thomas,Partner,2025-06-01 07:11:00.200
690,C006,P006,2024-08-28,289.00,Central,William Thomas,Partner,2025-06-01 07:11:00.200
691,C007,P007,2024-08-29,966.00,Central,William Thomas,Partner,2025-06-01 07:11:00.200
692,C008,P008,2024-08-30,753.00,Central,William Thomas,Partner,2025-06-01 07:11:00.200
693,C009,P009,2024-08-31,886.00,Central,William Thomas,Partner,2025-06-01 07:11:00.200
694,C010,P010,2024-09-01,622.00,Central,William Thomas,Partner,2025-06-01 07:11:00.200
695,C001,P001,2024-09-02,146.00,Central,William Thomas,Partner,2025-06-01 07:11:00.200
696,C002,P002,2024-09-03,499.00,Central,William Thomas,Partner,2025-06-01 07:11:00.200
697,C003,P003,2024-09-04,930.00,Central,William Thomas,Partner,2025-06-01 07:11:00.200
698,C004,P004,2024-09-05,279.00,Central,William Thomas,Partner,2025-06-01 07:11:00.200
699,C005,P005,2024-09-06,251.00,Central,William Thomas,Partner,2025-06-01 07:11:00.200
700,C006,P006,2024-09-07,539.00,Central,William Thomas,Partner,2025-06-01 07:11:00.200
701,C007,P007,2024-09-08,667.00,Central,William Thomas,Partner,2025-06-01 07:11:00.200
702,C008,P008,2024-09-09,958.00,Central,William Thomas,Partner,2025-06-01 07:11:00.200
703,C009,P009,2024-09-10,920.00,Central,William Thomas,Partner,2025-06-01 07:11:00.200
704,C010,P010,2024-09-11,564.00,Central,William Thomas,Partner,2025-06-01 07:11:00.200
705,C001,P001,2024-09-12,962.00,Central,William Thomas,Partner,2025-06-01 07:11:00.200
706,C002,P002,2024-09-13,644.00,Central,William Thomas,Partner,2025-06-01 07:11:00.200
707,C003,P003,2024-09-14,423.00,Central,William Thomas,Partner,2025-06-01 07:11:00.200
708,C004,P004,2024-09-15,862.00,Central,William Thomas,Partner,2025-06-01 07:11:00.200
709,C005,P005,2024-09-16,767.00,Central,William Thomas,Partner,2025-06-01 07:11:00.200
710,C006,P006,2024-09-17,199.00,Central,William Thomas,Partner,2025-06-01 07:11:00.200
711,C007,P007,2024-09-18,671.00,Central,William Thomas,Partner,2025-06-01 07:11:00.200
712,C008,P008,2024-09-19,107.00,Central,William Thomas,Partner,2025-06-01 07:11:00.200
713,C009,P009,2024-09-20,612.00,Central,William Thomas,Partner,2025-06-01 07:11:00.200
714,C010,P010,2024-09-21,173.00,Central,William Thomas,Partner,2025-06-01 07:11:00.200
715,C001,P001,2024-09-22,545.00,Central,William Thomas,Partner,2025-06-01 07:11:00.200
716,C002,P002,2024-09-23,219.00,Central,William Thomas,Partner,2025-06-01 07:11:00.200
717,C003,P003,2024-09-24,691.00,Central,William Thomas,Partner,2025-06-01 07:11:00.200
718,C004,P004,2024-09-25,559.00,Central,William Thomas,Partner,2025-06-01 07:11:00.200
719,C005,P005,2024-09-26,332.00,Central,William Thomas,Partner,2025-06-01 07:11:00.200
720,C006,P006,2024-09-27,908.00,Central,William Thomas,Partner,2025-06-01 07:11:00.200
721,C007,P007,2024-09-28,922.00,Central,William Thomas,Partner,2025-06-01 07:11:00.200
722,C008,P008,2024-09-29,840.00,Central,William Thomas,Partner,2025-06-01 07:11:00.200
723,C009,P009,2024-09-30,358.00,Central,William Thomas,Partner,2025-06-01 07:11:00.200
724,C010,P010,2024-10-01,256.00,Central,William Thomas,Partner,2025-06-01 07:11:00.200
725,C001,P001,2024-10-02,627.00,Central,William Thomas,Partner,2025-06-01 07:11:00.200
726,C002,P002,2024-10-03,380.00,Central,William Thomas,Partner,2025-06-01 07:11:00.200
727,C003,P003,2024-10-04,126.00,Central,William Thomas,Partner,2025-06-01 07:11:00.200
728,C004,P004,2024-10-05,228.00,Central,William Thomas,Partner,2025-06-01 07:11:00.200
729,C005,P005,2024-10-06,336.00,Central,William Thomas,Partner,2025-06-01 07:11:00.200
730,C006,P006,2024-10-07,491.00,Central,William Thomas,Partner,2025-06-01 07:11:00.200
731,C007,P007,2024-10-08,366.00,Central,William Thomas,Partner,2025-06-01 07:11:00.200
732,C008,P008,2024-10-09,699.00,Central,William Thomas,Partner,2025-06-01 07:11:00.200
733,C009,P009,2024-10-10,537.00,Central,William Thomas,Partner,2025-06-01 07:11:00.200
734,C010,P010,2024-10-11,427.00,Central,William Thomas,Partner,2025-06-01 07:11:00.200
735,C001,P001,2024-10-12,987.00,Central,William Thomas,Partner,2025-06-01 07:11:00.200
736,C002,P002,2024-10-13,543.00,Central,William Thomas,Partner,2025-06-01 07:11:00.200
737,C003,P003,2024-10-14,716.00,Central,William Thomas,Partner,2025-06-01 07:11:00.200
738,C004,P004,2024-10-15,242.00,Central,William Thomas,Partner,2025-06-01 07:11:00.200
739,C005,P005,2024-10-16,553.00,Central,William Thomas,Partner,2025-06-01 07:11:00.200
740,C006,P006,2024-10-17,622.00,Central,William Thomas,Partner,2025-06-01 07:11:00.200
741,C007,P007,2024-10-18,732.00,Central,William Thomas,Partner,2025-06-01 07:11:00.200
742,C008,P008,2024-10-19,341.00,Central,William Thomas,Partner,2025-06-01 07:11:00.200
743,C009,P009,2024-10-20,734.00,Central,William Thomas,Partner,2025-06-01 07:11:00.200
744,C010,P010,2024-10-21,188.00,Central,William Thomas,Partner,2025-06-01 07:11:00.200
745,C001,P001,2024-10-22,555.00,Central,William Thomas,Partner,2025-06-01 07:11:00.200
746,C002,P002,2024-10-23,495.00,Central,William Thomas,Partner,2025-06-01 07:11:00.200
747,C003,P003,2024-10-24,269.00,Central,William Thomas,Partner,2025-06-01 07:11:00.200
748,C004,P004,2024-10-25,661.00,Central,William Thomas,Partner,2025-06-01 07:11:00.200
749,C005,P005,2024-10-26,777.00,Central,William Thomas,Partner,2025-06-01 07:11:00.200
750,C006,P006,2024-10-27,989.00,Central,William Thomas,Partner,2025-06-01 07:11:00.200
751,C007,P007,2024-10-28,288.00,Central,William Thomas,Partner,2025-06-01 07:11:00.200
752,C008,P008,2024-10-29,918.00,Central,William Thomas,Partner,2025-06-01 07:11:00.200
753,C009,P009,2024-10-30,508.00,Central,William Thomas,Partner,2025-06-01 07:11:00.200
754,C010,P010,2024-10-31,860.00,Central,William Thomas,Partner,2025-06-01 07:11:00.200
755,C001,P001,2024-11-01,667.00,Central,William Thomas,Partner,2025-06-01 07:11:00.200
756,C002,P002,2024-11-02,212.00,Central,William Thomas,Partner,2025-06-01 07:11:00.200
757,C003,P003,2024-11-03,747.00,Central,William Thomas,Partner,2025-06-01 07:11:00.200
758,C004,P004,2024-11-04,417.00,Central,William Thomas,Partner,2025-06-01 07:11:00.200
759,C005,P005,2024-11-05,769.00,Central,William Thomas,Partner,2025-06-01 07:11:00.200
760,C006,P006,2024-11-06,245.00,Central,William Thomas,Partner,2025-06-01 07:11:00.200
761,C007,P007,2024-11-07,331.00,Central,William Thomas,Partner,2025-06-01 07:11:00.200
762,C008,P008,2024-11-08,290.00,Central,William Thomas,Partner,2025-06-01 07:11:00.200
763,C009,P009,2024-11-09,861.00,Central,William Thomas,Partner,2025-06-01 07:11:00.200
764,C010,P010,2024-11-10,400.00,Central,William Thomas,Partner,2025-06-01 07:11:00.200
765,C001,P001,2024-11-11,623.00,Central,William Thomas,Partner,2025-06-01 07:11:00.200
766,C002,P002,2024-11-12,562.00,Central,William Thomas,Partner,2025-06-01 07:11:00.200
767,C003,P003,2024-11-13,239.00,Central,William Thomas,Partner,2025-06-01 07:11:00.200
768,C004,P004,2024-11-14,247.00,Central,William Thomas,Partner,2025-06-01 07:11:00.200
769,C005,P005,2024-11-15,865.00,Central,William Thomas,Partner,2025-06-01 07:11:00.200
770,C006,P006,2024-11-16,814.00,Central,William Thomas,Partner,2025-06-01 07:11:00.200
771,C007,P007,2024-11-17,439.00,Central,William Thomas,Partner,2025-06-01 07:11:00.200
772,C008,P008,2024-11-18,344.00,Central,William Thomas,Partner,2025-06-01 07:11:00.200
773,C009,P009,2024-11-19,406.00,Central,William Thomas,Partner,2025-06-01 07:11:00.200
774,C010,P010,2024-11-20,138.00,Central,William Thomas,Partner,2025-06-01 07:11:00.200
775,C001,P001,2024-11-21,557.00,Central,William Thomas,Partner,2025-06-01 07:11:00.200
776,C002,P002,2024-11-22,829.00,Central,William Thomas,Partner,2025-06-01 07:11:00.200
777,C003,P003,2024-11-23,858.00,Central,William Thomas,Partner,2025-06-01 07:11:00.200
778,C004,P004,2024-11-24,303.00,Central,William Thomas,Partner,2025-06-01 07:11:00.200
779,C005,P005,2024-11-25,718.00,Central,William Thomas,Partner,2025-06-01 07:11:00.200
780,C006,P006,2024-11-26,962.00,Central,William Thomas,Partner,2025-06-01 07:11:00.200
781,C007,P007,2024-11-27,477.00,Central,William Thomas,Partner,2025-06-01 07:11:00.200
782,C008,P008,2024-11-28,108.00,Central,William Thomas,Partner,2025-06-01 07:11:00.200
783,C009,P009,2024-11-29,325.00,Central,William Thomas,Partner,2025-06-01 07:11:00.200
784,C010,P010,2024-11-30,986.00,Central,William Thomas,Partner,2025-06-01 07:11:00.200
785,C001,P001,2024-12-01,372.00,Central,William Thomas,Partner,2025-06-01 07:11:00.200
786,C002,P002,2024-12-02,646.00,Central,William Thomas,Partner,2025-06-01 07:11:00.200
787,C003,P003,2024-12-03,215.00,Central,William Thomas,Partner,2025-06-01 07:11:00.200
788,C004,P004,2024-12-04,242.00,Central,William Thomas,Partner,2025-06-01 07:11:00.200
789,C005,P005,2024-12-05,330.00,Central,William Thomas,Partner,2025-06-01 07:11:00.200
790,C006,P006,2024-12-06,832.00,Central,William Thomas,Partner,2025-06-01 07:11:00.200
791,C007,P007,2024-12-07,499.00,Central,William Thomas,Partner,2025-06-01 07:11:00.200
792,C008,P008,2024-12-08,987.00,Central,William Thomas,Partner,2025-06-01 07:11:00.200
793,C009,P009,2024-12-09,570.00,Central,William Thomas,Partner,2025-06-01 07:11:00.200
794,C010,P010,2024-12-10,635.00,Central,William Thomas,Partner,2025-06-01 07:11:00.200
795,C001,P001,2024-12-11,181.00,Central,William Thomas,Partner,2025-06-01 07:11:00.200
796,C002,P002,2024-12-12,846.00,Central,William Thomas,Partner,2025-06-01 07:11:00.200
797,C003,P003,2024-12-13,709.00,Central,William Thomas,Partner,2025-06-01 07:11:00.200
798,C004,P004,2024-12-14,558.00,Central,William Thomas,Partner,2025-06-01 07:11:00.200
799,C005,P005,2024-12-15,117.00,Central,William Thomas,Partner,2025-06-01 07:11:00.200
800,C006,P006,2024-12-16,338.00,Central,William Thomas,Partner,2025-06-01 07:11:00.200
801,C007,P007,2024-12-17,289.00,Central,William Thomas,Partner,2025-06-01 07:11:00.200
802,C008,P008,2024-12-18,761.00,Central,William Thomas,Partner,2025-06-01 07:11:00.200
803,C009,P009,2024-12-19,993.00,Central,William Thomas,Partner,2025-06-01 07:11:00.200
804,C010,P010,2024-12-20,541.00,Central,William Thomas,Partner,2025-06-01 07:11:00.200
805,C001,P001,2024-12-21,149.00,Central,William Thomas,Partner,2025-06-01 07:11:00.200
806,C002,P002,2024-12-22,342.00,Central,William Thomas,Partner,2025-06-01 07:11:00.200
807,C003,P003,2024-12-23,612.00,Central,William Thomas,Partner,2025-06-01 07:11:00.200
808,C004,P004,2024-12-24,542.00,Central,William Thomas,Partner,2025-06-01 07:11:00.200
809,C005,P005,2024-12-25,777.00,Central,William Thomas,Partner,2025-06-01 07:11:00.200
810,C006,P006,2024-12-26,259.00,Central,William Thomas,Partner,2025-06-01 07:11:00.200
811,C007,P007,2024-12-27,161.00,Central,William Thomas,Partner,2025-06-01 07:11:00.200
812,C008,P008,2024-12-28,702.00,Central,William Thomas,Partner,2025-06-01 07:11:00.200
813,C009,P009,2024-12-29,805.00,Central,William Thomas,Partner,2025-06-01 07:11:00.200
814,C010,P010,2024-12-30,374.00,Central,William Thomas,Partner,2025-06-01 07:11:00.200
815,C001,P001,2024-01-01,842.00,Central,William Thomas,Partner,2025-06-01 07:11:00.200
816,C002,P002,2024-01-02,908.00,Central,William Thomas,Partner,2025-06-01 07:11:00.200
817,C003,P003,2024-01-03,357.00,Central,William Thomas,Partner,2025-06-01 07:11:00.200
818,C004,P004,2024-01-04,859.00,Central,William Thomas,Partner,2025-06-01 07:11:00.200
819,C005,P005,2024-01-05,374.00,Central,William Thomas,Partner,2025-06-01 07:11:00.200
820,C006,P006,2024-01-06,330.00,Central,William Thomas,Partner,2025-06-01 07:11:00.200
821,C007,P007,2024-01-07,472.00,Central,William Thomas,Partner,2025-06-01 07:11:00.200
822,C008,P008,2024-01-08,147.00,Central,William Thomas,Partner,2025-06-01 07:11:00.200
823,C009,P009,2024-01-09,742.00,Central,William Thomas,Partner,2025-06-01 07:11:00.200
824,C010,P010,2024-01-10,856.00,Central,William Thomas,Partner,2025-06-01 07:11:00.200
825,C001,P001,2024-01-11,191.00,Central,William Thomas,Partner,2025-06-01 07:11:00.200
826,C002,P002,2024-01-12,683.00,Central,William Thomas,Partner,2025-06-01 07:11:00.200
827,C003,P003,2024-01-13,500.00,Central,William Thomas,Partner,2025-06-01 07:11:00.200
828,C004,P004,2024-01-14,132.00,Central,William Thomas,Partner,2025-06-01 07:11:00.200
829,C005,P005,2024-01-15,573.00,Central,William Thomas,Partner,2025-06-01 07:11:00.200
830,C006,P006,2024-01-16,251.00,Central,William Thomas,Partner,2025-06-01 07:11:00.200
831,C007,P007,2024-01-17,554.00,Central,William Thomas,Partner,2025-06-01 07:11:00.200
832,C008,P008,2024-01-18,958.00,Central,William Thomas,Partner,2025-06-01 07:11:00.200
833,C009,P009,2024-01-19,426.00,Central,William Thomas,Partner,2025-06-01 07:11:00.200
834,C010,P010,2024-01-20,332.00,Central,William Thomas,Partner,2025-06-01 07:11:00.200
835,C001,P001,2024-01-21,183.00,Central,William Thomas,Partner,2025-06-01 07:11:00.200
836,C002,P002,2024-01-22,659.00,Central,William Thomas,Partner,2025-06-01 07:11:00.200
837,C003,P003,2024-01-23,775.00,Central,William Thomas,Partner,2025-06-01 07:11:00.200
838,C004,P004,2024-01-24,905.00,Central,William Thomas,Partner,2025-06-01 07:11:00.200
839,C005,P005,2024-01-25,966.00,Central,William Thomas,Partner,2025-06-01 07:11:00.200
840,C006,P006,2024-01-26,186.00,Central,William Thomas,Partner,2025-06-01 07:11:00.200
841,C007,P007,2024-01-27,978.00,Central,William Thomas,Partner,2025-06-01 07:11:00.200
842,C008,P008,2024-01-28,277.00,Central,William Thomas,Partner,2025-06-01 07:11:00.200
843,C009,P009,2024-01-29,353.00,Central,William Thomas,Partner,2025-06-01 07:11:00.200
844,C010,P010,2024-01-30,159.00,Central,William Thomas,Partner,2025-06-01 07:11:00.200
845,C001,P001,2024-01-31,846.00,Central,William Thomas,Partner,2025-06-01 07:11:00.200
846,C002,P002,2024-02-01,852.00,Central,William Thomas,Partner,2025-06-01 07:11:00.200
847,C003,P003,2024-02-02,346.00,Central,William Thomas,Partner,2025-06-01 07:11:00.200
848,C004,P004,2024-02-03,257.00,Central,William Thomas,Partner,2025-06-01 07:11:00.200
849,C005,P005,2024-02-04,453.00,Central,William Thomas,Partner,2025-06-01 07:11:00.200
850,C006,P006,2024-02-05,379.00,Central,William Thomas,Partner,2025-06-01 07:11:00.200
851,C007,P007,2024-02-06,550.00,Central,William Thomas,Partner,2025-06-01 07:11:00.200
852,C008,P008,2024-02-07,407.00,Central,William Thomas,Partner,2025-06-01 07:11:00.200
853,C009,P009,2024-02-08,748.00,Central,William Thomas,Partner,2025-06-01 07:11:00.200
854,C010,P010,2024-02-09,139.00,Central,William Thomas,Partner,2025-06-01 07:11:00.200
855,C001,P001,2024-02-10,181.00,Central,William Thomas,Partner,2025-06-01 07:11:00.200
856,C002,P002,2024-02-11,545.00,Central,William Thomas,Partner,2025-06-01 07:11:00.200
857,C003,P003,2024-02-12,301.00,Central,William Thomas,Partner,2025-06-01 07:11:00.200
858,C004,P004,2024-02-13,267.00,Central,William Thomas,Partner,2025-06-01 07:11:00.200
859,C005,P005,2024-02-14,543.00,Central,William Thomas,Partner,2025-06-01 07:11:00.200
860,C006,P006,2024-02-15,557.00,Central,William Thomas,Partner,2025-06-01 07:11:00.200
861,C007,P007,2024-02-16,871.00,Central,William Thomas,Partner,2025-06-01 07:11:00.200
862,C008,P008,2024-02-17,738.00,Central,William Thomas,Partner,2025-06-01 07:11:00.200
863,C009,P009,2024-02-18,744.00,Central,William Thomas,Partner,2025-06-01 07:11:00.200
864,C010,P010,2024-02-19,278.00,Central,William Thomas,Partner,2025-06-01 07:11:00.200
865,C001,P001,2024-02-20,981.00,Central,William Thomas,Partner,2025-06-01 07:11:00.200
866,C002,P002,2024-02-21,926.00,Central,William Thomas,Partner,2025-06-01 07:11:00.200
867,C003,P003,2024-02-22,710.00,Central,William Thomas,Partner,2025-06-01 07:11:00.200
868,C004,P004,2024-02-23,178.00,Central,William Thomas,Partner,2025-06-01 07:11:00.200
869,C005,P005,2024-02-24,786.00,Central,William Thomas,Partner,2025-06-01 07:11:00.200
870,C006,P006,2024-02-25,356.00,Central,William Thomas,Partner,2025-06-01 07:11:00.200
871,C007,P007,2024-02-26,994.00,Central,William Thomas,Partner,2025-06-01 07:11:00.200
872,C008,P008,2024-02-27,780.00,Central,William Thomas,Partner,2025-06-01 07:11:00.200
873,C009,P009,2024-02-28,363.00,Central,William Thomas,Partner,2025-06-01 07:11:00.200
874,C010,P010,2024-02-29,780.00,Central,William Thomas,Partner,2025-06-01 07:11:00.200
875,C001,P001,2024-03-01,488.00,Central,William Thomas,Partner,2025-06-01 07:11:00.200
876,C002,P002,2024-03-02,105.00,Central,William Thomas,Partner,2025-06-01 07:11:00.200
877,C003,P003,2024-03-03,274.00,Central,William Thomas,Partner,2025-06-01 07:11:00.200
878,C004,P004,2024-03-04,415.00,Central,William Thomas,Partner,2025-06-01 07:11:00.200
879,C005,P005,2024-03-05,112.00,Central,William Thomas,Partner,2025-06-01 07:11:00.200
880,C006,P006,2024-03-06,286.00,Central,William Thomas,Partner,2025-06-01 07:11:00.200
881,C007,P007,2024-03-07,247.00,Central,William Thomas,Partner,2025-06-01 07:11:00.200
882,C008,P008,2024-03-08,322.00,Central,William Thomas,Partner,2025-06-01 07:11:00.200
883,C009,P009,2024-03-09,233.00,Central,William Thomas,Partner,2025-06-01 07:11:00.200
884,C010,P010,2024-03-10,487.00,Central,William Thomas,Partner,2025-06-01 07:11:00.200
885,C001,P001,2024-03-11,491.00,Central,William Thomas,Partner,2025-06-01 07:11:00.200
886,C002,P002,2024-03-12,178.00,Central,William Thomas,Partner,2025-06-01 07:11:00.200
887,C003,P003,2024-03-13,298.00,Central,William Thomas,Partner,2025-06-01 07:11:00.200
888,C004,P004,2024-03-14,787.00,Central,William Thomas,Partner,2025-06-01 07:11:00.200
889,C005,P005,2024-03-15,568.00,Central,William Thomas,Partner,2025-06-01 07:11:00.200
890,C006,P006,2024-03-16,269.00,Central,William Thomas,Partner,2025-06-01 07:11:00.200
891,C007,P007,2024-03-17,486.00,Central,William Thomas,Partner,2025-06-01 07:11:00.200
892,C008,P008,2024-03-18,565.00,Central,William Thomas,Partner,2025-06-01 07:11:00.200
893,C009,P009,2024-03-19,463.00,Central,William Thomas,Partner,2025-06-01 07:11:00.200
894,C010,P010,2024-03-20,656.00,Central,William Thomas,Partner,2025-06-01 07:11:00.200
895,C001,P001,2024-03-21,607.00,Central,William Thomas,Partner,2025-06-01 07:11:00.200
896,C002,P002,2024-03-22,285.00,Central,William Thomas,Partner,2025-06-01 07:11:00.200
897,C003,P003,2024-03-23,367.00,Central,William Thomas,Partner,2025-06-01 07:11:00.200
898,C004,P004,2024-03-24,696.00,Central,William Thomas,Partner,2025-06-01 07:11:00.200
899,C005,P005,2024-03-25,605.00,Central,William Thomas,Partner,2025-06-01 07:11:00.200
900,C006,P006,2024-03-26,688.00,Central,William Thomas,Partner,2025-06-01 07:11:00.200
901,C007,P007,2024-03-27,619.00,Central,William Thomas,Partner,2025-06-01 07:11:00.200
902,C008,P008,2024-03-28,236.00,Central,William Thomas,Partner,2025-06-01 07:11:00.200
903,C009,P009,2024-03-29,750.00,Central,William Thomas,Partner,2025-06-01 07:11:00.200
904,C010,P010,2024-03-30,322.00,Central,William Thomas,Partner,2025-06-01 07:11:00.200
905,C001,P001,2024-03-31,638.00,Central,William Thomas,Partner,2025-06-01 07:11:00.200
906,C002,P002,2024-04-01,886.00,Central,William Thomas,Partner,2025-06-01 07:11:00.200
907,C003,P003,2024-04-02,131.00,Central,William Thomas,Partner,2025-06-01 07:11:00.200
908,C004,P004,2024-04-03,497.00,Central,William Thomas,Partner,2025-06-01 07:11:00.200
909,C005,P005,2024-04-04,509.00,Central,William Thomas,Partner,2025-06-01 07:11:00.200
910,C006,P006,2024-04-05,786.00,Central,William Thomas,Partner,2025-06-01 07:11:00.200
911,C007,P007,2024-04-06,423.00,Central,William Thomas,Partner,2025-06-01 07:11:00.200
912,C008,P008,2024-04-07,710.00,Central,William Thomas,Partner,2025-06-01 07:11:00.200
913,C009,P009,2024-04-08,277.00,Central,William Thomas,Partner,2025-06-01 07:11:00.200
914,C010,P010,2024-04-09,729.00,Central,William Thomas,Partner,2025-06-01 07:11:00.200
915,C001,P001,2024-04-10,347.00,Central,William Thomas,Partner,2025-06-01 07:11:00.200
916,C002,P002,2024-04-11,676.00,Central,William Thomas,Partner,2025-06-01 07:11:00.200
917,C003,P003,2024-04-12,834.00,Central,William Thomas,Partner,2025-06-01 07:11:00.200
918,C004,P004,2024-04-13,324.00,Central,William Thomas,Partner,2025-06-01 07:11:00.200
919,C005,P005,2024-04-14,445.00,Central,William Thomas,Partner,2025-06-01 07:11:00.200
920,C006,P006,2024-04-15,380.00,Central,William Thomas,Partner,2025-06-01 07:11:00.200
921,C007,P007,2024-04-16,925.00,Central,William Thomas,Partner,2025-06-01 07:11:00.200
922,C008,P008,2024-04-17,285.00,Central,William Thomas,Partner,2025-06-01 07:11:00.200
923,C009,P009,2024-04-18,733.00,Central,William Thomas,Partner,2025-06-01 07:11:00.200
924,C010,P010,2024-04-19,247.00,Central,William Thomas,Partner,2025-06-01 07:11:00.200
925,C001,P001,2024-04-20,928.00,Central,William Thomas,Partner,2025-06-01 07:11:00.200
926,C002,P002,2024-04-21,139.00,Central,William Thomas,Partner,2025-06-01 07:11:00.200
927,C003,P003,2024-04-22,738.00,Central,William Thomas,Partner,2025-06-01 07:11:00.200
928,C004,P004,2024-04-23,205.00,Central,William Thomas,Partner,2025-06-01 07:11:00.200
929,C005,P005,2024-04-24,565.00,Central,William Thomas,Partner,2025-06-01 07:11:00.200
930,C006,P006,2024-04-25,653.00,Central,William Thomas,Partner,2025-06-01 07:11:00.200
931,C007,P007,2024-04-26,835.00,Central,William Thomas,Partner,2025-06-01 07:11:00.200
932,C008,P008,2024-04-27,522.00,Central,William Thomas,Partner,2025-06-01 07:11:00.200
933,C009,P009,2024-04-28,851.00,Central,William Thomas,Partner,2025-06-01 07:11:00.200
934,C010,P010,2024-04-29,636.00,Central,William Thomas,Partner,2025-06-01 07:11:00.200
935,C001,P001,2024-04-30,679.00,Central,William Thomas,Partner,2025-06-01 07:11:00.200
936,C002,P002,2024-05-01,752.00,Central,William Thomas,Partner,2025-06-01 07:11:00.200
937,C003,P003,2024-05-02,702.00,Central,William Thomas,Partner,2025-06-01 07:11:00.200
938,C004,P004,2024-05-03,885.00,Central,William Thomas,Partner,2025-06-01 07:11:00.200
939,C005,P005,2024-05-04,539.00,Central,William Thomas,Partner,2025-06-01 07:11:00.200
940,C006,P006,2024-05-05,627.00,Central,William Thomas,Partner,2025-06-01 07:11:00.200
941,C007,P007,2024-05-06,857.00,Central,William Thomas,Partner,2025-06-01 07:11:00.200
942,C008,P008,2024-05-07,556.00,Central,William Thomas,Partner,2025-06-01 07:11:00.200
943,C009,P009,2024-05-08,211.00,Central,William Thomas,Partner,2025-06-01 07:11:00.200
944,C010,P010,2024-05-09,741.00,Central,William Thomas,Partner,2025-06-01 07:11:00.200
945,C001,P001,2024-05-10,350.00,Central,William Thomas,Partner,2025-06-01 07:11:00.200
946,C002,P002,2024-05-11,384.00,Central,William Thomas,Partner,2025-06-01 07:11:00.200
947,C003,P003,2024-05-12,295.00,Central,William Thomas,Partner,2025-06-01 07:11:00.200
948,C004,P004,2024-05-13,609.00,Central,William Thomas,Partner,2025-06-01 07:11:00.200
949,C005,P005,2024-05-14,112.00,Central,William Thomas,Partner,2025-06-01 07:11:00.200
950,C006,P006,2024-05-15,998.00,Central,William Thomas,Partner,2025-06-01 07:11:00.200
951,C007,P007,2024-05-16,900.00,Central,William Thomas,Partner,2025-06-01 07:11:00.200
952,C008,P008,2024-05-17,575.00,Central,William Thomas,Partner,2025-06-01 07:11:00.200
953,C009,P009,2024-05-18,223.00,Central,William Thomas,Partner,2025-06-01 07:11:00.200
954,C010,P010,2024-05-19,322.00,Central,William Thomas,Partner,2025-06-01 07:11:00.200
955,C001,P001,2024-05-20,820.00,Central,William Thomas,Partner,2025-06-01 07:11:00.200
956,C002,P002,2024-05-21,151.00,Central,William Thomas,Partner,2025-06-01 07:11:00.200
957,C003,P003,2024-05-22,265.00,Central,William Thomas,Partner,2025-06-01 07:11:00.200
958,C004,P004,2024-05-23,522.00,Central,William Thomas,Partner,2025-06-01 07:11:00.200
959,C005,P005,2024-05-24,139.00,Central,William Thomas,Partner,2025-06-01 07:11:00.200
960,C006,P006,2024-05-25,960.00,Central,William Thomas,Partner,2025-06-01 07:11:00.200
961,C007,P007,2024-05-26,532.00,Central,William Thomas,Partner,2025-06-01 07:11:00.200
962,C008,P008,2024-05-27,815.00,Central,William Thomas,Partner,2025-06-01 07:11:00.200
963,C009,P009,2024-05-28,296.00,Central,William Thomas,Partner,2025-06-01 07:11:00.200
964,C010,P010,2024-05-29,337.00,Central,William Thomas,Partner,2025-06-01 07:11:00.200
965,C001,P001,2024-05-30,262.00,Central,William Thomas,Partner,2025-06-01 07:11:00.200
966,C002,P002,2024-05-31,175.00,Central,William Thomas,Partner,2025-06-01 07:11:00.200
967,C003,P003,2024-06-01,696.00,Central,William Thomas,Partner,2025-06-01 07:11:00.200
968,C004,P004,2024-06-02,645.00,Central,William Thomas,Partner,2025-06-01 07:11:00.200
969,C005,P005,2024-06-03,697.00,Central,William Thomas,Partner,2025-06-01 07:11:00.200
970,C006,P006,2024-06-04,795.00,Central,William Thomas,Partner,2025-06-01 07:11:00.200
971,C007,P007,2024-06-05,440.00,Central,William Thomas,Partner,2025-06-01 07:11:00.200
972,C008,P008,2024-06-06,673.00,Central,William Thomas,Partner,2025-06-01 07:11:00.200
973,C009,P009,2024-06-07,334.00,Central,William Thomas,Partner,2025-06-01 07:11:00.200
974,C010,P010,2024-06-08,582.00,Central,William Thomas,Partner,2025-06-01 07:11:00.200
975,C001,P001,2024-06-09,570.00,Central,William Thomas,Partner,2025-06-01 07:11:00.200
976,C002,P002,2024-06-10,837.00,Central,William Thomas,Partner,2025-06-01 07:11:00.200
977,C003,P003,2024-06-11,226.00,Central,William Thomas,Partner,2025-06-01 07:11:00.200
978,C004,P004,2024-06-12,873.00,Central,William Thomas,Partner,2025-06-01 07:11:00.200
979,C005,P005,2024-06-13,975.00,Central,William Thomas,Partner,2025-06-01 07:11:00.200
980,C006,P006,2024-06-14,215.00,Central,William Thomas,Partner,2025-06-01 07:11:00.200
981,C007,P007,2024-06-15,118.00,Central,William Thomas,Partner,2025-06-01 07:11:00.200
982,C008,P008,2024-06-16,635.00,Central,William Thomas,Partner,2025-06-01 07:11:00.200
983,C009,P009,2024-06-17,545.00,Central,William Thomas,Partner,2025-06-01 07:11:00.200
984,C010,P010,2024-06-18,371.00,Central,William Thomas,Partner,2025-06-01 07:11:00.200
985,C001,P001,2024-06-19,997.00,Central,William Thomas,Partner,2025-06-01 07:11:00.200
986,C002,P002,2024-06-20,208.00,Central,William Thomas,Partner,2025-06-01 07:11:00.200
987,C003,P003,2024-06-21,213.00,Central,William Thomas,Partner,2025-06-01 07:11:00.200
988,C004,P004,2024-06-22,237.00,Central,William Thomas,Partner,2025-06-01 07:11:00.200
989,C005,P005,2024-06-23,498.00,Central,William Thomas,Partner,2025-06-01 07:11:00.200
990,C006,P006,2024-06-24,765.00,Central,William Thomas,Partner,2025-06-01 07:11:00.200
991,C007,P007,2024-06-25,623.00,Central,William Thomas,Partner,2025-06-01 07:11:00.200
992,C008,P008,2024-06-26,329.00,Central,William Thomas,Partner,2025-06-01 07:11:00.200
993,C009,P009,2024-06-27,899.00,Central,William Thomas,Partner,2025-06-01 07:11:00.200
994,C010,P010,2024-06-28,180.00,Central,William Thomas,Partner,2025-06-01 07:11:00.200
995,C001,P001,2024-06-29,424.00,Central,William Thomas,Partner,2025-06-01 07:11:00.200
996,C002,P002,2024-06-30,939.00,Central,William Thomas,Partner,2025-06-01 07:11:00.200
997,C003,P003,2024-07-01,562.00,Central,William Thomas,Partner,2025-06-01 07:11:00.200
998,C004,P004,2024-07-02,104.00,Central,William Thomas,Partner,2025-06-01 07:11:00.200
999,C005,P005,2024-07-03,305.00,Central,William Thomas,Partner,2025-06-01 07:11:00.200
1000,C006,P006,2024-07-04,996.00,Central,William Thomas,Partner,2025-06-01 07:11:00.200
1001,C007,P007,2024-07-05,234.00,Central,William Thomas,Partner,2025-06-01 07:11:00.200
1002,C008,P008,2024-07-06,746.00,Central,William Thomas,Partner,2025-06-01 07:11:00.200
1003,C009,P009,2024-07-07,339.00,Central,William Thomas,Partner,2025-06-01 07:11:00.200
1004,C010,P010,2024-07-08,159.00,Central,William Thomas,Partner,2025-06-01 07:11:00.200
1005,C001,P001,2024-07-09,768.00,Central,William Thomas,Partner,2025-06-01 07:11:00.200
1006,C002,P002,2024-07-10,420.00,Central,William Thomas,Partner,2025-06-01 07:11:00.200
1007,C003,P003,2024-07-11,618.00,Central,William Thomas,Partner,2025-06-01 07:11:00.200
1008,C004,P004,2024-07-12,487.00,Central,William Thomas,Partner,2025-06-01 07:11:00.200
1009,C005,P005,2024-07-13,393.00,Central,William Thomas,Partner,2025-06-01 07:11:00.200
1010,C006,P006,2024-07-14,404.00,Central,William Thomas,Partner,2025-06-01 07:11:00.200
1011,C007,P007,2024-07-15,342.00,Central,William Thomas,Partner,2025-06-01 07:11:00.200
1012,C008,P008,2024-07-16,212.00,Central,William Thomas,Partner,2025-06-01 07:11:00.200
1013,C009,P009,2024-07-17,964.00,Central,William Thomas,Partner,2025-06-01 07:11:00.200
1014,C010,P010,2024-07-18,520.00,Central,William Thomas,Partner,2025-06-01 07:11:00.200
1015,C001,P001,2024-07-19,557.00,Central,William Thomas,Partner,2025-06-01 07:11:00.200
1016,C002,P002,2024-07-20,407.00,Central,William Thomas,Partner,2025-06-01 07:11:00.200
1017,C003,P003,2024-07-21,370.00,Central,William Thomas,Partner,2025-06-01 07:11:00.200
1018,C004,P004,2024-07-22,771.00,Central,William Thomas,Partner,2025-06-01 07:11:00.200
1019,C005,P005,2024-07-23,230.00,Central,William Thomas,Partner,2025-06-01 07:11:00.200
1020,C006,P006,2024-07-24,748.00,Central,William Thomas,Partner,2025-06-01 07:11:00.200
1021,C007,P007,2024-07-25,804.00,Central,William Thomas,Partner,2025-06-01 07:11:00.200
1022,C008,P008,2024-07-26,142.00,Central,William Thomas,Partner,2025-06-01 07:11:00.200
1023,C009,P009,2024-07-27,799.00,Central,William Thomas,Partner,2025-06-01 07:11:00.200
1024,C010,P010,2024-07-28,753.00,Central,William Thomas,Partner,2025-06-01 07:11:00.200
1025,C001,P001,2024-07-29,512.00,Central,William Thomas,Partner,2025-06-01 07:11:00.200
1026,C002,P002,2024-07-30,691.00,Central,William Thomas,Partner,2025-06-01 07:11:00.200
1027,C003,P003,2024-07-31,951.00,Central,William Thomas,Partner,2025-06-01 07:11:00.200
1028,C004,P004,2024-08-01,199.00,Central,William Thomas,Partner,2025-06-01 07:11:00.200
1029,C005,P005,2024-08-02,732.00,Central,William Thomas,Partner,2025-06-01 07:11:00.200
1030,C006,P006,2024-08-03,252.00,Central,William Thomas,Partner,2025-06-01 07:11:00.200
1031,C007,P007,2024-08-04,232.00,Central,William Thomas,Partner,2025-06-01 07:11:00.200
1032,C008,P008,2024-08-05,690.00,Central,William Thomas,Partner,2025-06-01 07:11:00.200
1033,C009,P009,2024-08-06,200.00,Central,William Thomas,Partner,2025-06-01 07:11:00.200
1034,C010,P010,2024-08-07,650.00,Central,William Thomas,Partner,2025-06-01 07:11:00.200
1035,C001,P001,2024-08-08,313.00,Central,William Thomas,Partner,2025-06-01 07:11:00.200
1036,C002,P002,2024-08-09,750.00,Central,William Thomas,Partner,2025-06-01 07:11:00.200
1037,C003,P003,2024-08-10,353.00,Central,William Thomas,Partner,2025-06-01 07:11:00.200
1038,C004,P004,2024-08-11,555.00,Central,William Thomas,Partner,2025-06-01 07:11:00.200
1039,C005,P005,2024-08-12,622.00,Central,William Thomas,Partner,2025-06-01 07:11:00.200
1040,C006,P006,2024-08-13,921.00,Central,William Thomas,Partner,2025-06-01 07:11:00.200
1041,C007,P007,2024-08-14,595.00,Central,William Thomas,Partner,2025-06-01 07:11:00.200
1042,C008,P008,2024-08-15,605.00,Central,William Thomas,Partner,2025-06-01 07:11:00.200
1043,C009,P009,2024-08-16,890.00,Central,William Thomas,Partner,2025-06-01 07:11:00.200
1044,C010,P010,2024-08-17,676.00,Central,William Thomas,Partner,2025-06-01 07:11:00.200
1045,C001,P001,2024-08-18,336.00,Central,William Thomas,Partner,2025-06-01 07:11:00.200
1046,C002,P002,2024-08-19,651.00,Central,William Thomas,Partner,2025-06-01 07:11:00.200
1047,C003,P003,2024-08-20,241.00,Central,William Thomas,Partner,2025-06-01 07:11:00.200
1048,C004,P004,2024-08-21,367.00,Central,William Thomas,Partner,2025-06-01 07:11:00.200
1049,C005,P005,2024-08-22,334.00,Central,William Thomas,Partner,2025-06-01 07:11:00.200
1050,C006,P006,2024-08-23,828.00,Central,William Thomas,Partner,2025-06-01 07:11:00.200
1051,C007,P007,2024-08-24,500.00,Central,William Thomas,Partner,2025-06-01 07:11:00.200
1052,C008,P008,2024-08-25,885.00,Central,William Thomas,Partner,2025-06-01 07:11:00.200
1053,C009,P009,2024-08-26,768.00,Central,William Thomas,Partner,2025-06-01 07:11:00.200
1054,C010,P010,2024-08-27,958.00,Central,William Thomas,Partner,2025-06-01 07:11:00.200
1055,C001,P001,2024-08-28,517.00,Central,William Thomas,Partner,2025-06-01 07:11:00.200
1056,C002,P002,2024-08-29,527.00,Central,William Thomas,Partner,2025-06-01 07:11:00.200
1057,C003,P003,2024-08-30,976.00,Central,William Thomas,Partner,2025-06-01 07:11:00.200
1058,C004,P004,2024-08-31,380.00,Central,William Thomas,Partner,2025-06-01 07:11:00.200
1059,C005,P005,2024-09-01,179.00,Central,William Thomas,Partner,2025-06-01 07:11:00.200
1060,C006,P006,2024-09-02,157.00,Central,William Thomas,Partner,2025-06-01 07:11:00.200
1061,C007,P007,2024-09-03,812.00,Central,William Thomas,Partner,2025-06-01 07:11:00.200
1062,C008,P008,2024-09-04,712.00,Central,William Thomas,Partner,2025-06-01 07:11:00.200
1063,C009,P009,2024-09-05,641.00,Central,William Thomas,Partner,2025-06-01 07:11:00.200
1064,C010,P010,2024-09-06,435.00,Central,William Thomas,Partner,2025-06-01 07:11:00.200
1065,C001,P001,2024-09-07,812.00,Central,William Thomas,Partner,2025-06-01 07:11:00.200
1066,C002,P002,2024-09-08,736.00,Central,William Thomas,Partner,2025-06-01 07:11:00.200
1067,C003,P003,2024-09-09,220.00,Central,William Thomas,Partner,2025-06-01 07:11:00.200
1068,C004,P004,2024-09-10,987.00,Central,William Thomas,Partner,2025-06-01 07:11:00.200
1069,C005,P005,2024-09-11,130.00,Central,William Thomas,Partner,2025-06-01 07:11:00.200
1070,C006,P006,2024-09-12,474.00,Central,William Thomas,Partner,2025-06-01 07:11:00.200
1071,C007,P007,2024-09-13,486.00,Central,William Thomas,Partner,2025-06-01 07:11:00.200
1072,C008,P008,2024-09-14,391.00,Central,William Thomas,Partner,2025-06-01 07:11:00.200
1073,C009,P009,2024-09-15,784.00,Central,William Thomas,Partner,2025-06-01 07:11:00.200
1074,C010,P010,2024-09-16,902.00,Central,William Thomas,Partner,2025-06-01 07:11:00.200
1075,C001,P001,2024-09-17,377.00,Central,William Thomas,Partner,2025-06-01 07:11:00.200
1076,C002,P002,2024-09-18,276.00,Central,William Thomas,Partner,2025-06-01 07:11:00.200
1077,C003,P003,2024-09-19,650.00,Central,William Thomas,Partner,2025-06-01 07:11:00.200
1078,C004,P004,2024-09-20,723.00,Central,William Thomas,Partner,2025-06-01 07:11:00.200
1079,C005,P005,2024-09-21,302.00,Central,William Thomas,Partner,2025-06-01 07:11:00.200
1080,C006,P006,2024-09-22,653.00,Central,William Thomas,Partner,2025-06-01 07:11:00.200
1081,C007,P007,2024-09-23,202.00,Central,William Thomas,Partner,2025-06-01 07:11:00.200
1082,C008,P008,2024-09-24,198.00,Central,William Thomas,Partner,2025-06-01 07:11:00.200
1083,C009,P009,2024-09-25,772.00,Central,William Thomas,Partner,2025-06-01 07:11:00.200
1084,C010,P010,2024-09-26,684.00,Central,William Thomas,Partner,2025-06-01 07:11:00.200
1085,C001,P001,2024-09-27,107.00,Central,William Thomas,Partner,2025-06-01 07:11:00.200
